LESSON	ARABIC	VOCALIZED	MEANING
0	perfectum + ‬قَدْ	perfectum + ‬قد	geeft aan dat de handeling is reeds
0	أَب‮ \ ‬آباء	أب‮ \ ‬آباء	vader (‬in status constructus lange
0	أَثَرٌ‮ \ ‬آثَارٌ	أثر‮ \ ‬آثار	sporen, ‬resten (‬pl. ‬overblijfselen,‬
0	أَخٌ	أخ	broer (‬in status constructus lange
0	أَرْسَلَ	أرسل	zenden, ‬sturen (‬ه / ‬إلى aan iemand,‬
0	أشعر	أشعر	laten weten, ‬laten deelhebben, ‬laten
0	أَنْعَمَ‮ ‬اللّهُ‮ ‬عَلَيْكَ	أنعم‮ ‬الله‮ ‬عليك	bedankt (‬lett. ‬moge God het jou prettig
0	أَهْلاً‮ ‬وَسَهْلاً	أهلا‮ ‬وسهلا	welkom (‬lett.(‬wees) ‬familiair en
0	إِنَّ‮ (‬لَـ‮)‬	إن‮ (‬لـ‮)‬	voorwaar, ‬werkelijk, ‬waarlijk, ‬zeker
0	اِتَّخَذَ‮ \ ‬يَتَّخِذُ	اتخذ‮ \ ‬يتخذ	nemen (‬هـ iets هـ als),‬
0	اِتَّصَلَ‮ (‬و‮ ‬ص‮ ‬ل‮)‬	اتصل‮ (‬و‮ ‬ص‮ ‬ل‮)‬	zich in verbinding stellen, ‬contact
0	استأذن	استأذن	toestemming vragen (‬om binnen
0	اعتبر	اعتبر	beschouwen (‬ه , ‬هـ iets, ‬iemand,‬
0	اَلأرَاضِي‮ ‬الـمُحْتَلَّةُ	الأراضي‮ ‬الـمحتلة	de bezette gebieden (‬الاراضِي nominatief
0	اَلأرَاضِي‮ ‬الـمُحْتَلَّةُ	الأراضي‮ ‬الـمحتلة	de bezette gebieden (‬الاراضِي nominatief
0	التفت	التفت	zijn gezicht wenden; ‬zich wenden
0	اَلثَّانِي	الثاني	de tweede, ‬de volgende (‬m. ‬nominatief
0	اَلْحَمْدُ‮ ‬لِلّهِ‮ ‬عَلَى‮ ‬السَّلامَةِ	الحمد‮ ‬لله‮ ‬على‮ ‬السلامة	God zij dank voor de veiligheid (‬tegen
0	َاللّهُ‮ ‬يُسَلِّمُكَ	الله‮ ‬يسلمك	God geve jou veiligheid (‬antwoord van de
0	بَعْضٌ	بعض	deel; ‬hoeveelheid; ‬enkelen, ‬sommigen;‬
0	تأكّد	تأكد	overtuigd zijn, ‬zeker weten, ‬vaststellen,‬
0	تُرَى‮ ‬،‮ ‬تَرَى	ترى‮ ‬،‮ ‬ترى	ik zou willen weten ..., ‬ik vraag mij
0	تُصْبِحْ‮ ‬عَلَى‮ ‬الـْخَيْرِ	تصبح‮ ‬على‮ ‬الـخير	welterusten (‬ontwaak in het goede; ‬over de
0	تعلّق	تعلق	hangen (‬بـ aan), ‬zich vastklampen
0	تَفَضَّلْ	تفضل	alstublieft (‬bij het aanbieden van iets, ‬niet
0	تَمَّ‮ \ ‬يَتِمُّ	تم‮ \ ‬يتم	gebeuren, ‬voltooid zijn, ‬voltrokken
0	حَقّ‮ \ ‬حُقوقٌ	حق‮ \ ‬حقوق	juistheid; ‬recht; ‬waarheid; ‬wekelijkheid
0	حَيْثُ	حيث	waar, ‬alwaar; ‬in zoverre dat (‬geen invloed
0	خَمْسُونَ	خمسون	vijftig (‬gen. & ‬acc. ‬خَمْسِينَ , ‬het getelde volgt
0	دَعَا‮ \ ‬يَدْعُو	دعا‮ \ ‬يدعو	roepen, ‬oproepen, ‬uitnodigen (‬لِـ‮ ‬،‮ ‬إِلى voor,‬
0	رَأْيٌ‮ \ ‬آرَاءٌ	رأي‮ \ ‬آراء	mening, ‬visie, ‬mening; ‬advies
0	رَاحَ‮ \ ‬يَرُوحُ	راح‮ \ ‬يروح	weg gaan, ‬vertrekken
0	رَدَّ‮ \ ‬يَرُدُّ	رد‮ \ ‬يرد	teruggeven, ‬terugdoen, ‬tegenhouden
0	شعَر‮ \ ‬يشعُر	شعر‮ \ ‬يشعر	weten, ‬waarnemen, ‬voelen
0	شَيْء‮ \ ‬أَشْياء	شيء‮ \ ‬أشياء	ding; ‬iets; ‬zaak
0	صَبَاحَ‮ ‬الْخَيْرِ	صباح‮ ‬الخير	goeiemorgen (‬lett. ‬ochtend van het
0	ضِيَافَةٌ	ضيافة	gastvriendelijkheid; ‬ontvangst van gasten;‬
0	طاوع	طاوع	instemmen, ‬gehoorzamen (‬ه met
0	عَقَدَ‮ \ ‬يَعْقِدُ	عقد‮ \ ‬يعقد	houden (‬van een bijeenkomst);‬
0	غَثَتْ‮ ‬نَفْسُهُ	غثت‮ ‬نفسه	misselijk zijn (‬lett. ‬zijn ziel ligt
0	فَمٌ	فم	mond (‬in status constructus mogelijk
0	قَامَ‮ \ ‬يَقُومُ	قام‮ \ ‬يقوم	opstaan, ‬staan (‬قَامَ‮ ‬بِـ ondernemen; ‬doen;‬
0	قَضَى‮ \ ‬يَقْضِي	قضى‮ \ ‬يقضي	voltooien, ‬vervullen, ‬vastleggen,‬
0	قَطَعَ‮ \ ‬يَقْطَعُ	قطع‮ \ ‬يقطع	snijden, ‬doorsnijden, ‬afsnijden;‬
0	كفى‮ \ ‬يكفي	كفى‮ \ ‬يكفي	iets besparen (‬ه iemand, ‬هـ iets);‬
0	لأنَّ	لأن	omdat (‬altijd gevolgd door een
0	لا‮ ‬شُكْرَ‮ ‬عَلَى‮ ‬الْوَاجِبِ	لا‮ ‬شكر‮ ‬على‮ ‬الواجب	geen dank (‬voor dat wat noodzakelijk
0	لا‮ ‬مُؤَاخَذَةَ	لا‮ ‬مؤاخذة	neem mij niet kwalijk (‬lett. ‬geen
0	مِائَةٌ	مائة	honderd (‬uitspraak
0	مضى‮ \ ‬يمضي	مضى‮ \ ‬يمضي	heengaan, ‬voorbijgaan, ‬verstrijken
0	مَعْلِشْ	معلش	het geeft niet (‬dialect
0	مَقْهًى‮ \ ‬مَقَاهٍ	مقهى‮ \ ‬مقاه	café (‬Sg. ‬nom., ‬gen. & ‬acc., ‬bepaald
0	مِنْ‮ ‬فَضْلِكَ	من‮ ‬فضلك	alstublieft (‬lett. ‬van uw gunst), ‬bij het
0	نَاسٌ	ناس	zie onder wortel ء‮ ‬ن‮ ‬س
0	نَزَلَ‮ \ ‬يَنْزِلُ	نزل‮ \ ‬ينزل	afdalen, ‬neerdalen; ‬afstijgen;‬
0	نَعِيمًا	نعيما	je ziet er fris uit! (‬lett. (‬moge je je) ‬prettig
0	هَاتِ	هات	geef! (‬alleen bij vertrouwde personen of
0	هِجْرِيٌّ	هجري	A.‬H., ‬Islamitische jaartelling
0	هدى‮ \ ‬يهدي	هدى‮ \ ‬يهدي	leiden (‬ook de bruid naar de
0	وَلَدُ‮ ‬الْحَرَامِ	ولد‮ ‬الحرام	bastaard, ‬hoerenzoon (‬lett. ‬zoon van dat wat
0	يَا‮ ‬،‮ ‬أَيُّهَا	يا‮ ‬،‮ ‬أيها	oh! ‬hé! (‬bij het aanspreken van
1	أَنَا	أنا	ik (‬1)‬
1	أَنْتِ	أنت	jij (‬f.) (‬1)‬
1	أَنْتَ	أنت	jij (‬m.) (‬1)‬
1	أَيْنَ	أين	waar (‬1)‬
1	إِمَامٌ	إمام	imaam (‬1)‬
1	اَلْـ	الـ	de, ‬het (‬1)‬
1	بَابٌ	باب	deur, ‬poort (‬1)‬
1	بَيْتٌ	بيت	huis (‬1)‬
1	حَرْبٌ	حرب	oorlog (‬f.) (‬1)‬
1	دِمَشْقُ	دمشق	Damascus (‬1)‬
1	سَلاَمٌ	سلام	vrede (‬1)‬
1	شُكْرًا	شكرا	bedankt! (‬1, ‬9)‬
1	شَنْطَةٌ	شنطة	tas (‬1)‬
1	طـَالِبَةٌ	طـالبة	studente (‬1)‬
1	طـَالِبٌ	طـالب	student (‬1)‬
1	طَاوُلـَةٌ	طاولـة	tafel (‬1)‬
1	عَبْدٌ‮ \ ‬عَبِيدٌ	عبد‮ \ ‬عبيد	dienaar, ‬slaaf, ‬mens (‬1, ‬15))‬
1	غُرْفَةٌ	غرفة	kamer (‬1)‬
1	فَرَسٌ‮ \ ‬أَفْرَاسٌ	فرس‮ \ ‬أفراس	merrie (‬1, ‬17)‬
1	قَرْيَةٌ	قرية	dorp (‬1)‬
1	قَلـَمٌ	قلـم	pen (‬1)‬
1	كِتَابٌ	كتاب	boek (‬1)‬
1	كُرْسِيٌّ	كرسي	stoel (‬1)‬
1	لا	لا	nee (‬1)‬
1	لـَوْحٌ	لـوح	(‬school-)‬bord (‬1)‬
1	مَدِينَةٌ	مدينة	stad (‬1)‬
1	مُعَلِّمَةٌ	معلمة	lerares (‬1)‬
1	مُعَلِّمٌ	معلم	leraar (‬1)‬
1	مَلِكَةٌ	ملكة	koningin (‬1)‬
1	مَلِكٌ	ملك	koning (‬1)‬
1	نَافِذَةٌ	نافذة	raam (‬1)‬ (‬voelen)) (‬13)‬
1	نَعَمْ	نعم	ja (‬1)‬ maken) (‬13)‬
1	نَفْسٌ	نفس	ziel, ‬zelf (‬f.) (‬1)‬
1	هـاذَا	هـاذا	dit (‬m.) (‬1)‬
1	هـاذِهِ	هـاذه	dit (‬f.) (‬1)‬
1	هَلْ‮ (‬هَلِ‮)‬	هل‮ (‬هل‮)‬	vraagpartikel voor de ja of nee vraag (‬1)‬
1	هُنَاكَ	هناك	daar, ‬er (‬1)‬
1	هُنَا	هنا	hier (‬1)‬
1	هُوَ	هو	hij (‬1)‬
1	هِيَ	هي	zij (‬1)‬
1	وَ	و	en (‬1)‬
1	يَدٌ	يد	hand (‬1)‬
2	بَارِدٌ	بارد	koud (‬2)‬
2	بِـ	بـ	door middel van; ‬met; ‬in (‬2)‬
2	بِجَانِبِ	بجانب	naast (‬بِـ in & ‬جَانِبٌ zijde) (‬2)‬
2	بِجَانِبِ	بجانب	naast (‬بِـ in & ‬جَانِبٌ zijde) (‬2)‬
2	بَعِيدٌ‮ (‬عَنْ‮)‬	بعيد‮ (‬عن‮)‬	ver (‬van) (‬2)‬
2	تَحْتَ	تحت	onder (‬2)‬
2	ثَلاجَةٌ	ثلاجة	koelkast (‬2)‬
2	جَرِيدَةٌ	جريدة	krant (‬2)‬
2	حُلْوٌ	حلو	zoet (‬2)‬
2	حَلِيبٌ	حليب	melk (‬2)‬
2	حَنَفِيَّةٌ	حنفية	(‬water-) ‬kraan (‬2)‬
2	خُبْزٌ‮ \ ‬أَخْبَازٌ	خبز‮ \ ‬أخباز	brood (‬2)‬
2	خِزَانَةٌ	خزانة	kast (‬2)‬
2	دُرْجٌ‮ \ ‬أَدْرَاجٌ	درج‮ \ ‬أدراج	lade (‬2)‬
2	رِسَالَةٌ‮ \ ‬رَسَائِلُ	رسالة‮ \ ‬رسائل	brief (‬2, ‬5)‬
2	زِبْدَةٌ	زبدة	boter (‬2)‬
2	سَاخِنٌ	ساخن	heet, ‬warm (‬2)‬
2	سِكِّينٌ	سكين	mes (‬2)‬
2	سَيَّارَةٌ	سيارة	auto (‬2)‬
2	شَايٌ	شاي	thee (‬2)‬
2	شَوْكَةٌ	شوكة	vork (‬2)‬
2	صَغِيرٌ	صغير	klein (‬2)‬
2	طـَبَقٌ‮ \ ‬أَطْبَاقٌ	طـبق‮ \ ‬أطباق	bord (‬2)‬
2	عَرَبِيٌّ	عربي	Arabisch; ‬Arabier (‬2)‬
2	عَلىَ	على	op (‬2)‬
2	عِنْدَ	عند	bij (‬2)‬
2	فِنْجَانٌ	فنجان	kopje (‬2)‬
2	فَوْقَ	فوق	boven, ‬bovenop (‬2)‬
2	فِي	في	in (‬2)‬
2	قَرِيبٌ‮ (‬مِنْ‮)‬	قريب‮ (‬من‮)‬	dichtbij (‬2)‬
2	قِطَّةٌ	قطة	poes (‬2)‬
2	قِطٌّ‮ \ ‬قِطَطٌ	قط‮ \ ‬قطط	kat (‬kater) (‬2)‬
2	قَهْوَةٌ	قهوة	koffie (‬2)‬
2	كَـأْسٌ‮ \ ‬كُؤُوسٌ	كـأس‮ \ ‬كؤوس	glas (‬2)‬
2	كَبِيرٌ	كبير	groot (‬2)‬
2	كُرَّاسَةٌ	كراسة	schrift, ‬blocnote (‬2)‬
2	كَلْبٌ‮ \ ‬كِلاَبٌ	كلب‮ \ ‬كلاب	hond (‬2)‬
2	لِـ	لـ	aan; ‬voor; ‬van (‬2)‬
2	مُرٌّ	مر	bitter (‬2)‬
2	مَسْجِدٌ	مسجد	moskee (‬2)‬
2	مِصْبَاحٌ	مصباح	lamp (‬2)‬
2	مَطـْبَخٌ	مطـبخ	keuken (‬2)‬
2	مُغْلَقٌ	مغلق	gesloten (‬2)‬
2	مِفْتَاحٌ	مفتاح	sleutel (‬2)‬
2	مَفْتُوحٌ	مفتوح	open (‬2)‬
2	مِلْعَقَةٌ	ملعقة	lepel (‬2)‬
2	مِنْ‮ (‬مِنَ‮)‬	من‮ (‬من‮)‬	van (‬2)‬
2	مَنْ‮ (‬مَنِ‮)‬	من‮ (‬من‮)‬	wie ? (‬2)‬
3	أَمَامَ	أمام	voor (‬van plaats) (‬3)‬
3	أَنَا‮) ‬بِـخَيْرٍ،‮ ‬اَلْحَمْدُ‮ ‬لِلّهِ)‬	أنا‮) ‬بـخير،‮ ‬الحمد‮ ‬لله)‬	(‬ik ben) ‬goed, ‬dank aan God! (‬3)‬
3	أَنَا‮) ‬بِـخَيْرٍ،‮ ‬اَلْحَمْدُ‮ ‬لِلّهِ)‬	أنا‮) ‬بـخير،‮ ‬الحمد‮ ‬لله)‬	(‬ik ben) ‬goed, ‬dank aan God! (‬3)‬
3	اِسْتِقْبَالٌ	استقبال	ontvangst (‬3)‬
3	اِسْمٌ	اسم	naam (‬3)‬
3	اَلسَّلاَمُ‮ ‬عَلَيْكُمْ	السلام‮ ‬عليكم	goeiedag (‬lett. ‬vrede (‬zij) ‬op u) (‬3)‬
3	بِنْتٌ	بنت	meisje, ‬dochter (‬3)‬
3	جَامِعَةٌ	جامعة	universiteit (‬3)‬
3	جَمَلٌ‮ \ ‬جِمَالٌ	جمل‮ \ ‬جمال	drommedaris (‬3)‬
3	جَمِيلٌ	جميل	mooi (‬3)‬
3	جِنْسِيَّةٌ	جنسية	nationaliteit (‬3)‬
3	جَوَازُ‮ ‬سَّفَرٍ	جواز‮ ‬سفر	paspoort (‬3)‬
3	حَالٌ‮ \ ‬أَحْوَالٌ	حال‮ \ ‬أحوال	toestand (‬3)‬
3	حُجْرَةٌ‮ \ ‬حُجَرٌ	حجرة‮ \ ‬حجر	kamer (‬3)‬
3	حَمَّامٌ	حمام	bad, ‬badkamer (‬3)‬ eindvocalen) (‬10)‬
3	دَرْسٌ‮ \ ‬دُرُوسٌ	درس‮ \ ‬دروس	les (‬3)‬
3	راديو	راديو	radio (‬3)‬
3	رَقْمٌ‮ \ ‬أَرْقَامٌ	رقم‮ \ ‬أرقام	nummer (‬3)‬
3	سَرِيرٌ	سرير	bed (‬3)‬
3	سَهْلٌ	سهل	gemakkelijk (‬3)‬
3	شَخْصٌ‮ \ ‬أَشْخَاصٌ	شخص‮ \ ‬أشخاص	persoon (‬3, $‬28)‬
3	صَعْبٌ	صعب	moeilijk, ‬ernstig (‬ziekte) (‬3, ‬18)‬
3	طَيِّبٌ	طيب	goed (‬3)‬
3	عَنْ‮ (‬عَنِ‮)‬	عن‮ (‬عن‮)‬	over (‬3)‬
3	عُنْوَانٌ	عنوان	adres, ‬titel (‬3, ‬10)‬
3	فَاضِيَةٌ	فاضية	leeg (‬f.) (‬3)‬
3	فُنْدُقٌ	فندق	hotel (‬3)‬
3	كَثِيرٌ	كثير	veel (‬3)‬
3	كَيْفَ‮ ‬الْحَالُ‮ ‬؟	كيف‮ ‬الحال‮ ‬؟	Hoe gaat het ermee? (‬informeel) (‬3)‬
3	كَيْفَ‮ ‬حَالُكُمْ‮ ‬؟	كيف‮ ‬حالكم‮ ‬؟	Hoe gaat het met u? (‬3)‬
3	كَيْفَ	كيف	hoe? (‬3)‬
3	لُبْنَانُ	لبنان	Libanon (‬genitief لُبْنَانَ ) (‬3)‬
3	لُغَةٌ	لغة	taal (‬3)‬
3	مُرِيحٌ	مريح	comfortabel (‬3)‬
3	مَعَ	مع	met (‬3)‬
3	مَكْتَبَةٌ	مكتبة	bibliotheek (‬3)‬
3	مَكْتَبٌ	مكتب	bureau (‬3)‬
3	مُوَظَّفُ‮ ‬اسْتِقْبَالٍ	موظف‮ ‬استقبال	receptionist (‬3)‬
3	مُوَظَّفٌ	موظف	beambte (‬3)‬
3	هَاتِفٌ	هاتف	telefoon (‬3)‬ ondergeschikten) (‬11)‬
3	هَرَمٌ‮ \ ‬أَهْرَامٌ	هرم‮ \ ‬أهرام	pyramide (‬3)‬
3	وَاحِدَةٌ	واحدة	één (‬f.) (‬3)‬
3	وَاحِدٌ	واحد	één (‬3)‬
3	وَعَلَيْكُم‮( ‬ُ‮) ‬السَّلاَمْ	وعليكم‮( ‬‮) ‬السلام	goeiedag (‬lett. ‬en op u (‬zij) ‬vrede) (‬3)‬
3	وَلَدٌ‮ \ ‬أَوْلادٌ	ولد‮ \ ‬أولاد	jongen, ‬kind (‬3)‬
4	أُخْتٌ‮ \ ‬أَخَوَاتٌ	أخت‮ \ ‬أخوات	zus (‬4)‬ eindvocalen) (‬10)‬
4	أَمْسِ	أمس	gisteren (‬4)‬
4	أَهْلاً‮ ‬بِكُمْ	أهلا‮ ‬بكم	standaard antwoord op أَهْلاً‮ ‬وَسَهْلاً (‬4)‬ gemakkelijk) (‬4)‬
4	إِقَامَةٌ	إقامة	verblijf (‬4)‬
4	إِلىَ‮ ‬اللِّقَاءِ	إلى‮ ‬اللقاء	tot ziens (‬lett. ‬tot de ontmoeting) (‬4)‬
4	اَلآنَ	الآن	nu (‬4)‬
4	اَلْقَاهِرَةُ	القاهرة	Caïro (‬4)‬
4	اَلْيَوْمَ	اليوم	vandaag (‬4)‬
4	بَعْدَ	بعد	na (‬van tijd) (‬4)‬
4	بِلاَدٌ	بلاد	land; ‬streken, ‬plaatsen (‬Pl. ‬van بَلَدٌ) (‬4)‬
4	بُلْدَانٌ	بلدان	landen (‬Pl. ‬van بَلَدٌ) (‬4)‬
4	بَلَدٌ	بلد	plaats, ‬streek, ‬land (‬4)‬
4	بَيْرُوتُ	بيروت	Beirout (‬genitief بَيْرُوتَ) (‬4)‬
4	جَبَلٌ‮ \ ‬جِبَالٌ	جبل‮ \ ‬جبال	berg (‬4)‬
4	جِدًّا	جدا	zeer (‬bijwoordelijke bepaling) (‬4)‬
4	دِرَاسَةٌ‮ \ ‬ـَاتٌ	دراسة‮ \ ‬ـات	studie (‬4, ‬10)‬
4	زِيَارَةٌ‮ \ ‬ـَاتٌ	زيارة‮ \ ‬ـات	bezoek (‬4)‬
4	سُورِيَا‮ ‬،‮ ‬سُورِيَةٌ	سوريا‮ ‬،‮ ‬سورية	Syrië (‬4)‬
4	شَرْقٌ	شرق	Oosten (‬4)‬
4	شَهِيٌّ	شهي	smakelijk (‬4)‬
4	صَبَاحًا	صباحا	شs ochtends (‬4)‬ ochtend van het licht) (‬4)‬
4	صَبَاحَ‮ ‬النُّورِ	صباح‮ ‬النور	goeiemorgen (‬antwoord op صَبَاحَ‮ ‬الْخَيْرِ lett.‬ goede) (‬4)‬
4	صَبَاحَ‮ ‬اَلْيَوْمِ	صباح‮ ‬اليوم	vanmorgen (‬4)‬
4	صَبَاحٌ	صباح	ochtend (‬4)‬
4	ضَرُورِيٌّ	ضروري	noodzakelijk (‬4)‬
4	طَعَامٌ	طعام	eten, ‬maaltijd (‬4)‬
4	عَاصِمَةٌ	عاصمة	hoofdstad (‬4)‬
4	عَجِيبٌ	عجيب	wonderbaarlijk (‬4)‬
4	عِمَارَةٌ‮ \ ‬ـَاتٌ	عمارة‮ \ ‬ـات	gebouw (‬4)‬
4	عَمَلٌ‮ \ ‬أَعْمَالٌ	عمل‮ \ ‬أعمال	werk, ‬werkzaamheid (‬4)‬
4	فِي‮ ‬زِيَارَتِهِ‮ \ ‬فِي‮ ‬زِيَارَةٍ‮ ‬لَهُ	في‮ ‬زيارته‮ \ ‬في‮ ‬زيارة‮ ‬له	op bezoek bij hem (‬4)‬
4	قَائِمَةٌ	قائمة	lijst (‬4)‬
4	قِطَارٌ‮ \ ‬قِطَارَاتٌ	قطار‮ \ ‬قطارات	trein (‬4)‬
4	قَلِيلٌ‮ \ ‬قَلِيلُونَ	قليل‮ \ ‬قليلون	weinig (‬4)‬
4	كَانَ‮ \ ‬يَكُونُ	كان‮ \ ‬يكون	zijn (‬4, ‬10)‬
4	مَتَى	متى	wanneer? (‬4, ‬17)‬
4	مَحَطَّةٌ‮ \ ‬مَحَطَّاتٌ	محطة‮ \ ‬محطات	station (‬4)‬
4	مَدْرَسَةٌ	مدرسة	school (‬4)‬
4	مُدَرِّسٌ‮ \ ‬ـُونَ	مدرس‮ \ ‬ـون	docent (‬4)‬
4	مَرِيضٌ	مريض	ziek (‬4)‬
4	مَسَاءٌ	مساء	avond (‬4)‬
4	مَسَاءً	مساء	شs avonds (‬4)‬
4	مِصْرُ	مصر	Egypte (‬genitief مِصْرَ) (‬4)‬
4	مَطَرٌ‮ \ ‬أَمْطَارٌ	مطر‮ \ ‬أمطار	regen, ‬regenbui (‬4)‬
4	مَطْعَمُ	مطعم	restaurant (‬4)‬
4	مَعَ‮ ‬السَّلاَمَة	مع‮ ‬السلامة	tot ziens (‬lett. ‬met het welzijn) (‬4)‬
4	مُمِلٌّ	ممل	saai (‬4)‬
4	وَجْبَةُ‮ ‬الطَّعَامِ	وجبة‮ ‬الطعام	maaltijd (‬4)‬
4	وَجْبَةٌ‮ \ ‬وَجَبَاتٌ	وجبة‮ \ ‬وجبات	maaltijd (‬4)‬
4	وَسَطٌ‮ \ ‬أَوْسَاطٌ	وسط‮ \ ‬أوساط	midden (‬4)‬
4	يَوْمٌ‮ \ ‬أَيَّامٌ	يوم‮ \ ‬أيام	dag (‬4)‬
5	أُسْبُوعٌ‮ \ ‬أَسَابِيعُ	أسبوع‮ \ ‬أسابيع	week (‬5)‬
5	أُمّ‮ \ ‬أُمَّهات	أم‮ \ ‬أمهات	moeder (‬5, ‬21)‬
5	أُنْسٌ	أنس	gezelligheid (‬5)‬
5	إِمْكَانِيَّةٌ	إمكانية	mogelijkheid (‬5)‬
5	اِسْتَقْبَلَ	استقبل	ontvangen (‬van een gast) (‬5)‬
5	اِسْتَلَمَ	استلم	ontvangen, ‬krijgen (‬5)‬
5	اِنْطَلَقَ	انطلق	vertrekken (‬5)‬
5	بَسِيطٌ	بسيط	eenvoudig (‬5)‬
5	بَعْدَ‮ ‬أَنْ	بعد‮ ‬أن	nadat (+ ‬perfectum) (‬5)‬
5	بَعْدَ‮ ‬ذلِكَ	بعد‮ ‬ذلك	daarna (‬5)‬
5	بِقُرْبِ	بقرب	in de nabijheid van (+ ‬genitief) (‬5)‬
5	بِكُلِّ‮ ‬سُرُورٍ	بكل‮ ‬سرور	met alle plezier (‬5)‬
5	تَحَدَّثَ	تحدث	praten, ‬kletsen (‬عن over) (‬5)‬
5	جَهَّزَ	جهز	klaar maken (‬ه / ‬لـ voor iemand; ‬هـ iets) (‬5)‬
5	جَوَابٌ‮ \ ‬أَجْوِبَةٌ	جواب‮ \ ‬أجوبة	antwoord (‬5, ‬22)‬
5	حَدِيثَةٌ	حديثة	modern (‬5)‬
5	حَلَبُ	حلب	Aleppo (‬diptoot) (‬5)‬
5	حَيٌّ‮ \ ‬أَحْيَاءُ	حي‮ \ ‬أحياء	wijk (‬5)‬
5	حَيَاةٌ	حياة	leven (‬5)‬
5	دُوَلِيٌّ	دولي	internationaal (‬5)‬
5	رَجَعَ	رجع	terugkeren (‬إلى naar) (‬5)‬
5	رَكِبَ	ركب	instappen (‬5)‬
5	سـَـأَلَ	ســأل	vragen (‬ه iemand; ‬عن naar) (‬5)‬
5	سَافَرَ	سافر	reizen (‬5)‬
5	سُرُورٌ	سرور	vreugde, ‬plezier (‬5)‬
5	سَفَرٌ	سفر	reis (‬5)‬
5	سَنَةٌ‮ \ ‬سَنَوَاتٌ	سنة‮ \ ‬سنوات	jaar (‬5)‬
5	سُورِيٌّ	سوري	Syrisch (‬5)‬
5	شَاهَدَ	شاهد	bekijken (‬5)‬
5	شَرِبَ	شرب	drinken (‬5)‬
5	شَهْرٌ‮ \ ‬شُهُورٌ‮ ‬،‮ ‬أَشْهُرٌ	شهر‮ \ ‬شهور‮ ‬،‮ ‬أشهر	maand (‬5)‬
5	صَدِيقٌ‮ \ ‬أَصْدِقَاءُ	صديق‮ \ ‬أصدقاء	vriend (‬5)‬
5	صَدِيقَةٌ‮ \ ‬ـَاتٌ	صديقة‮ \ ‬ـات	vriendin (‬5)‬
5	صَلِيبِيٌّ‮ \ ‬ـُونَ	صليبي‮ \ ‬ـون	kruisvaarder (‬5)‬
5	صَيْفٌ	صيف	zomer (‬5)‬
5	طَائِرَةٌ‮ \ ‬َاتٌ	طائرة‮ \ ‬ات	vliegtuig (‬5)‬
5	عَائِلَةٌ‮ \ ‬ـَاتٌ	عائلة‮ \ ‬ـات	familie (‬5)‬
5	عَزِيزٌ‮ \ ‬أَعِزَّاءُ	عزيز‮ \ ‬أعزاء	dierbaar, ‬lief (‬5)‬
5	غَادَرَ	غادر	verlaten (‬5)‬
5	فَعَلَ	فعل	doen (‬5)‬
5	فَـ	فـ	en daarop, ‬en dus, ‬en zo (‬5)‬
5	فَقِيرٌ‮ \ ‬فُقَرَاءُ	فقير‮ \ ‬فقراء	arm (‬5)‬
5	قَدَّمَ	قدم	voorstellen (‬ه iemand; ‬إلى aan) (‬5)‬
5	قَدِيمٌ‮ \ ‬قُدَمَاءُ	قديم‮ \ ‬قدماء	oud, ‬versleten (‬5)‬
5	قَصْرٌ‮ \ ‬قُصُورٌ	قصر‮ \ ‬قصور	burcht, ‬kasteel; ‬paleis (‬5)‬
5	كَتَبَ	كتب	schrijven (‬5)‬
5	لَيْلَةٌ	ليلة	nacht (‬5)‬
5	مَاضِيَةٌ	ماضية	verleden, ‬afgelopen (‬f.) (‬5)‬ voortgaan (‬25)‬
5	مِثْلَ	مثل	zoals (+ ‬genitief) (‬5)‬
5	مُسْلِمٌ‮ \ ‬ـُونَ	مسلم‮ \ ‬ـون	muslim (‬5)‬
5	مَشْهُورٌ‮ \ ‬ـُونَ	مشهور‮ \ ‬ـون	beroemd (‬5)‬
5	مَطَارٌ‮ \ ‬َاتٌ	مطار‮ \ ‬ات	vliegveld (‬niet verwarren met مَطَرٌ regen) (‬5)‬
5	هَادِئٌ	هادئ	rustig (‬5)‬
5	وَجَدَ‮ \ ‬يَجِدُ	وجد‮ \ ‬يجد	vinden (‬5, ‬12)‬
5	وُصُولٌ	وصول	aankomst (‬5)‬ opnemen (‬بـ met) (‬18, $‬22)‬
5	وَطَنٌ‮ \ ‬أَوْطَانٌ	وطن‮ \ ‬أوطان	vaderland (‬5)‬
6	آنِسَةٌ‮ \ ‬ـَاتٌ	آنسة‮ \ ‬ـات	jufrouw (‬6)‬
6	أَكَّدَ	أكد	bevestigen, ‬benadrukken, ‬verzekeren (‬6)‬
6	أَهَمِّيَّةٌ	أهمية	belang (‬6)‬
6	إِفْرِيقِيَا	إفريقيا	Afrika (‬6)‬
6	اِجْتِمَاعٌ	اجتماع	bijeenkomst (‬6)‬
6	اِجْتَمَعَ	اجتمع	samen komen (‬مع met) (‬6)‬
6	اِحْمَرَّ	احمر	rood worden, ‬blozen (‬6)‬
6	اِسْتِمْرَارٌ	استمرار	voortzetting; ‬voortzetten (‬6)‬
6	اِشْتَغَلَ	اشتغل	werken, ‬bezig zijn (‬6)‬
6	اِقْتِصَادٌ	اقتصاد	economie (‬6)‬
6	اِقْتِصَادِيٌّ	اقتصادي	economisch (‬6)‬
6	اَلْخَارِجِيَّةُ	الخارجية	buitenlandse zaken (‬6)‬
6	اَلْمَغْرِبُ	المغرب	Marokko (‬6)‬
6	اِمْرَأَةٌ‮ \ ‬نِسَاءٌ	امرأة‮ \ ‬نساء	vrouw (‬bepaald اَلْمَرْأَةُ) (‬6)‬
6	اِنْفَتَحَ	انفتح	open gaan (‬6)‬
6	اِيجَابِيٌّ	ايجابي	positief (‬6)‬
6	تَبَادَلَ	تبادل	met elkaar uitwisselen (‬6)‬
6	تَشَرَّفْتُ	تشرفت	aangenaam (‬lett. ‬ik ben vereerd) (‬6)‬
6	تَطَوُّرٌ	تطور	ontwikkeling; ‬ontwikkelen (‬6)‬
6	تَعَلَّمَ	تعلم	(‬zichzelf) ‬leren (‬6)‬
6	تَعْمِيقٌ	تعميق	verdiepen, ‬verdieping (‬6)‬
6	تَكَلَّمَ	تكلم	spreken (‬هـ een taal, ‬عن‮\‬على over) (‬6)‬
6	حَوْلَ	حول	rond; ‬omtrent, ‬over (‬6)‬
6	خَرَجَ	خرج	uit gaan (‬مِنْ uit) (‬6)‬
6	خِلالَ	خلال	gedurende (‬prepositie) (‬6)‬
6	دَخَلَ	دخل	binnen gaan (‬6)‬
6	دَرَسَ	درس	studeren, ‬leren (‬6)‬
6	دَوْلَةٌ‮ \ ‬دُوَلٌ	دولة‮ \ ‬دول	staat (‬6)‬
6	رَئِيسٌ‮ \ ‬رُؤَسَاءُ	رئيس‮ \ ‬رؤساء	hoofd, ‬president (‬6)‬
6	رَجُلٌ‮ \ ‬رِجَالٌ	رجل‮ \ ‬رجال	man (‬6)‬
6	زِرَاعِيٌّ	زراعي	landbouwkundig, ‬landbouw- (‬adjectief) (‬6)‬
6	سَفِيرٌ‮ \ ‬سُفَرَاءُ	سفير‮ \ ‬سفراء	ambassadeur (‬6)‬
6	شَابٌّ‮ \ ‬شَبَابٌ	شاب‮ \ ‬شباب	jongeman (‬6); (‬شَباب ook jeugd (‬26))‬
6	شَِمَالٌ	شمال	Noorden (‬6)‬
6	صِنَاعِيٌّ	صناعي	industrieel (‬6)‬
6	ظَرْفٌ‮ \ ‬ظُرُوفٌ	ظرف‮ \ ‬ظروف	vat, ‬enveloppe (‬Pl. ‬omstandigheden) (‬6)‬
6	عِدَّةٌ	عدة	aantal (‬als eerste lid van een genitief- (‬6)‬
6	عَدَدٌ‮ \ ‬أَعْدَادٌ	عدد‮ \ ‬أعداد	aantal, ‬getal (‬6)‬ constructie meerdere, ‬verschillende) (‬6)‬
6	عَلاقَةٌ‮ \ ‬ـَاتٌ	علاقة‮ \ ‬ـات	relatie (‬بَيْنَ tussen) (‬6)‬ (‬بـ aan) (‬25)‬
6	فَتَحَ	فتح	openen (‬6)‬
6	فُرْصَةٌ‮ ‬سَعِيدَةٌ	فرصة‮ ‬سعيدة	aangenaam (‬lett. ‬gelukkige kans) (‬6)‬
6	لِيبِيَا	ليبيا	Lybië (‬6)‬
6	لِيبِيٌّ	ليبي	Lybisch (‬6)‬
6	لَيْسَ	ليس	niet zijn (‬6)‬
6	مَاذَا	ماذا	wat (‬in de verbale zin) (‬6)‬
6	مُجَاوِرٌ	مجاور	naburig, ‬buur- (‬6)‬
6	مَسْؤُولٌ‮ \ ‬ـُونَ	مسؤول‮ \ ‬ـون	verantwoordelijk (‬عَن voor) (‬6)‬
6	مَشْرُوعٌ‮ \ ‬مَشَارِيعُ	مشروع‮ \ ‬مشاريع	project (‬6)‬
6	مَصْرِيٌّ	مصري	Egyptisch; ‬Egyptenaar (‬6)‬
6	مَغْرِبِيٌّ‮ \ (‬مَغَارِبَةٌ‮)‬	مغربي‮ \ (‬مغاربة‮)‬	Marokkaans (‬6)‬
6	مُنَاقَشَةٌ‮ \ ‬ـَات	مناقشة‮ \ ‬ـات	discussie (‬حَوْلَ over) (‬6)‬
6	مِنْطَقَةٌ‮ \ ‬مَنَاطِقُ	منطقة‮ \ ‬مناطق	regio (‬6)‬
6	نَاقَشَ	ناقش	discussiëren (‬هـ over iets) (‬6)‬
6	نَحْنُ‮ ‬الأسْعَدُ	نحن‮ ‬الأسعد	aangenaam (‬lett. ‬wij zijn het gelukkigst) (‬6)‬
6	نِسْوَانٌ‮ ‬،‮ ‬نِسَاءٌ‮ (‬ن‮ ‬س‮ ‬و‮)‬	نسوان‮ ‬،‮ ‬نساء‮ (‬ن‮ ‬س‮ ‬و‮)‬	vrouwen (‬enkelvoud
6	وَاقِعٌ	واقع	liggend, ‬gelegen (‬6)‬
6	وَجْهٌ‮ \ ‬وُجُوهٌ	وجه‮ \ ‬وجوه	gezicht (‬6)‬
6	وَزِيرٌ‮ \ ‬وُزَرَاءُ	وزير‮ \ ‬وزراء	minister (‬6)‬
6	وَضْعٌ	وضع	situatie (‬6)‬
7	أُرْدُنِّيٌّ	أردني	Jordaans, ‬Jordaniër (‬7)‬
7	أَرْضٌ	أرض	aarde, ‬grond, ‬gebied (‬7)‬
7	أَعْلَنَ‮ \ ‬يُعْلِنُ	أعلن‮ \ ‬يعلن	bekend maken (‬أَنَّ dat) (‬7)‬
7	أَكَلَ‮ \ ‬يَـأْكُلُ	أكل‮ \ ‬يـأكل	eten (‬7)‬ zeker zijn (‬24, $‬29)‬
7	إِسْرَائِيلُ	إسرائيل	Israel (‬7)‬
7	اِعْتَقَدَ‮ \ ‬يَعْتَقِدُ	اعتقد‮ \ ‬يعتقد	overtuigd zijn, ‬zeker weten (‬أَنَّ dat) (‬7)‬ vastbinden (‬7)‬
7	اَلأرْدُنُّ	الأردن	Jordanië (‬7)‬
7	اَلدَّاخِلِيَّةُ	الداخلية	binnenlandse zaken (‬7)‬
7	اَلْغَدُ	الغد	de volgende dag (‬7)‬
7	تُصْبِحِي‮ ‬عَلَى‮ ‬الـْخَيْرِ	تصبحي‮ ‬على‮ ‬الـخير	welterusten (‬f.) (‬7)‬ slotsuk‮٠‬n van تُصْبِحْ meer in les 9) (‬7)‬
7	جَدِيدٌ‮ \ ‬جُدُدٌ	جديد‮ \ ‬جدد	nieuw (‬7)‬
7	جَلْسَةٌ‮ \ ‬جَلَسَاتٌ	جلسة‮ \ ‬جلسات	zitting (‬7)‬
7	جَيِّدٌ	جيد	goed (‬7)‬
7	حُكُومَةٌ	حكومة	regering (‬7)‬
7	ذَهَبَ‮ \ ‬يَذْهَبُ	ذهب‮ \ ‬يذهب	gaan (‬7)‬
7	سِفَارَةٌ‮ \ ‬َاتٌ	سفارة‮ \ ‬ات	ambassade (‬7)‬
7	سَمِعَ‮ \ ‬يَسْمَعُ	سمع‮ \ ‬يسمع	horen (‬أَنَّ dat) (‬7)‬
7	صَغُرَ‮ \ ‬يَصْغَرُ	صغر‮ \ ‬يصغر	klein zijn; ‬klein worden (‬7)‬
7	صَوْتٌ‮ \ ‬أَصْوَاتٌ	صوت‮ \ ‬أصوات	geluid, ‬stem (‬7)‬
7	عَرَفَ‮ \ ‬يَعْرِفُ	عرف‮ \ ‬يعرف	kennen, ‬weten (‬أَنَّ dat) (‬7)‬
7	عَلِمَ‮ \ ‬يَعْلَمُ	علم‮ \ ‬يعلم	weten, ‬te weten komen (‬أَنَّ dat) (‬7)‬
7	غَدًا	غدا	morgen (‬bijwoord) (‬7)‬
7	فِلَسْطِينُ	فلسطين	Palestina (‬7)‬
7	فِلَسْطِينِيٌّ	فلسطيني	Palestijns, ‬Palestijn (‬7)‬
7	قَرَأَ‮ \ ‬يَقْرَأُ	قرأ‮ \ ‬يقرأ	lezen (‬7)‬
7	كَبُرَ‮ \ ‬يَكْبُرُ	كبر‮ \ ‬يكبر	groot zijn; ‬groot worden, ‬groeien (‬7)‬
7	لاحَظَ‮ \ ‬يُلاحِظُ	لاحظ‮ \ ‬يلاحظ	opmerken (‬أَنَّ dat) (‬7)‬
7	لِذلِكَ	لذلك	daarom (‬7)‬
7	لِذلِكَ	لذلك	daarom (‬7)‬
7	لَيْلَةً‮ ‬سَعِيدَةً	ليلة‮ ‬سعيدة	goedenacht (‬7)‬
7	مَجْلِسُ‮ ‬النُّوِّابِ	مجلس‮ ‬النواب	het parlement (‬7)‬
7	مَجْلِسُ‮ ‬النُّوِّابِ	مجلس‮ ‬النواب	het parlement (‬7)‬
7	مَجْلِسُ‮ ‬الْوُزَرَاءِ	مجلس‮ ‬الوزراء	de ministerraad (‬7)‬
7	مَجْلِسُ‮ ‬الْوُزَرَاءِ	مجلس‮ ‬الوزراء	de ministerraad (‬7)‬
7	مَجْلِسُ‮ \ ‬مَجَالِسُ	مجلس‮ \ ‬مجالس	raad (‬7)‬
7	مُحْتَلٌّ	محتل	bezet (‬7)‬
7	مَسَاءَ‮ ‬الْخَيْرِ	مساء‮ ‬الخير	goedenavond (‬7)‬
7	مُقْبِلٌ	مقبل	komend, ‬volgend (‬7)‬
7	نَائِبٌ‮ \ ‬نُوَّابٌ	نائب‮ \ ‬نواب	afgevaardigde (‬7)‬
7	هُولَنْدَا	هولندا	Holland, ‬Nederland (‬7)‬
7	هُولَنْدِيٌ	هولندي	Hollands, ‬Nederlands, ‬Nederlander (‬7)‬
7	وَأَنْتَ‮ ‬مِنْ‮ ‬أَهْلِهِ	وأنت‮ ‬من‮ ‬أهله	welterusten (‬en jij bij de mensen ervan) (‬7)‬
7	وِزَارَةٌ‮ \ ‬َاتٌ	وزارة‮ \ ‬ات	ministerie (‬7)‬
8	آه‮!‬	آه‮!‬	oh! ‬hé! (‬van begrip, ‬verbazing of afkeer) (‬8)‬
8	أَعَدَّ	أعد	gereed maken, ‬voorbereiden (‬8)‬
8	‮(‬أَنَا‮) ‬آسِفٌ	‮(‬أنا‮) ‬آسف	het spijt mij (‬lett. (‬ik ben) ‬spijtend) (‬8)‬
8	أَهْلٌ	أهل	verwanten; ‬mensen; ‬volgelingen (‬8)‬
8	أَهْلِيٌّ	أهلي	burger- (‬8)‬
8	أَوَّلُ	أول	eerste (‬diptoot) (‬8)‬
8	إِلا	إلا	behalve (‬8)‬
8	إِلهٌ‮ ‬،‮ ‬الاهٌ‮ \ ‬آلِهَةٌ	إله‮ ‬،‮ ‬الاه‮ \ ‬آلهة	god (‬8)‬
8	اِحْتَلَّ	احتل	bezetten (‬8)‬
8	اِسْتَمَرَّ	استمر	voortduren (‬8)‬
8	اِشْتَدَّ	اشتد	zich verhevigen, ‬heviger worden (‬8)‬
8	اِعْتَقَلَ	اعتقل	arresteren (‬8)‬
8	اَلشُّرْطَةُ	الشرطة	de politie (‬8)‬
8	اَلصَّهْيُونِيَّةُ	الصهيونية	het zionisme (‬8)‬
8	اَللّهُ	الله	God (‬8)‬
8	اِنْحَلَّ	انحل	uit elkaar vallen (‬8)‬
8	تَحْرِيرٌ	تحرير	bevrijding (‬8)‬
8	تَكَوَّنَ	تكون	bestaan uit, ‬samengesteld zijn (‬مِن uit) (‬8)‬
8	تَمَاسَّ	تماس	elkaar aanraken (‬8)‬
8	جَبْهَةٌ	جبهة	front (‬8)‬
8	جُملَةٌ‮ \ ‬جُمَلٌ	جملة‮ \ ‬جمل	zin (‬8)‬
8	جَوْهَرٌ	جوهر	kern, ‬hart (‬8)‬
8	حَاكِمٌ	حاكم	regerend (‬8)‬
8	حَجٌّ	حج	bedevaart naar Mekka (‬8)‬
8	حَرَكَةٌ‮ \ ‬َاتٌ	حركة‮ \ ‬ات	beweging (‬8)‬
8	حِزْبٌ‮ \ ‬أَحْزَابٌ	حزب‮ \ ‬أحزاب	partij (‬8)‬
8	حَمْلَةٌ‮ \ ‬حَمَلاتٌ	حملة‮ \ ‬حملات	actie, ‬aanval (‬8)‬
8	خَمْسَةٌ	خمسة	vijf (‬8)‬
8	دِينٌ‮ \ ‬أَدْيَانٌ	دين‮ \ ‬أديان	religie (‬8)‬
8	رِجَالُ‮ ‬الشُّرْطَةِ	رجال‮ ‬الشرطة	politie-‬agenten (‬8)‬
8	رَسُولٌ‮ \ ‬رُسُلٌ	رسول‮ \ ‬رسل	gezant (‬8)‬ هـ iets) (‬5)‬
8	رُكْنٌ‮ \ ‬أَرْكَانٌ	ركن‮ \ ‬أركان	ondersteuning, ‬hoek (‬zuil) (‬8)‬
8	زَكَاةٌ	زكاة	aalmoezen belasting (‬8)‬
8	سَبَّبَ	سبب	veroorzaken (‬8)‬
8	سِيَاسَةٌ	سياسة	politiek (‬8)‬
8	سَيِّدَةٌ‮ \ ‬َاتٌ	سيدة‮ \ ‬ات	dame, ‬vrouw (‬8)‬
8	سَيِّدٌ‮ \ ‬سَادَةٌ	سيد‮ \ ‬سادة	heer (‬8)‬
8	شُرْطِيٌّ	شرطي	poltie-‬agent, ‬politie- (‬8)‬
8	شَعْبٌ‮ \ ‬شُعُوبٌ	شعب‮ \ ‬شعوب	volk (‬8)‬
8	شَهَادَةٌ	شهادة	getuigenis (‬8)‬
8	شَهِدَ‮ \ ‬يَشْهَدُ	شهد‮ \ ‬يشهد	getuigen (‬8)‬
8	صَلاةٌ	صلاة	gebed (‬8)‬
8	صَوْمٌ	صوم	vasten (‬8)‬
8	ضِدَّ	ضد	tegen (‬8)‬
8	عِبَارَةٌ‮ \ ‬ـَاتٌ	عبارة‮ \ ‬ـات	uiting, ‬uitspraak, ‬uitdrukking (‬8, $‬25)‬ ه , ‬هـ als) (‬29)‬
8	عَرَبٌ	عرب	Arabieren (‬collectief) (‬8)‬
8	عَسْكَرٌ‮ \ ‬عَسَاكِرُ	عسكر‮ \ ‬عساكر	leger (‬8)‬
8	عَفْوًا	عفوا	sorry, ‬pardon, ‬geen dank (‬8, ‬9)‬
8	عَقِيدَةٌ‮ \ ‬عَقَائِدُ	عقيدة‮ \ ‬عقائد	dogma, ‬overtuiging (‬8)‬
8	قَائِدٌ‮ \ ‬قَادَةٌ	قائد‮ \ ‬قادة	leider (‬8)‬ (‬13, ‬18)‬
8	قَرَّرَ	قرر	besluiten (‬8)‬
8	كِفَاحٌ	كفاح	strijd (‬8)‬
8	لا‮ ‬بَـأْسَ	لا‮ ‬بـأس	het geeft niet (‬8)‬
8	مَاسَّ	ماس	aanraken (‬8)‬
8	مَرَّ‮ \ ‬يَمُرُّ	مر‮ \ ‬يمر	voorbij gaan, ‬passeren (‬بِـ iets) (‬8)‬
8	مَسِيحِيٌّ	مسيحي	Christelijk-, ‬Christen (‬8)‬
8	مُعَارِضٌ	معارض	oppositioneel, ‬oppositie- (‬8)‬
8	وَطَنِيٌّ	وطني	nationaal (‬8)‬
8	يَهُودٌ	يهود	Joden (‬collectief) (‬8)‬
8	يَهُودِيٌّ	يهودي	Joods, ‬Jood (‬8)‬
9	أَجْنَبِيٌّ‮ \ ‬أَجَانِبُ	أجنبي‮ \ ‬أجانب	buitenlander, ‬niet-‬Arabier (‬9)‬
9	أَخِيرٌ	أخير	laatste (‬9)‬
9	أَرْبَعُونَ	أربعون	veertig (‬gen.& ‬acc. ‬أَرْبَعِينَ) (‬9)‬
9	أَمْكَنَ‮ \ ‬يُمْكِنُ	أمكن‮ \ ‬يمكن	mogelijk zijn (‬9)‬
9	إِذَنْ	إذن	dan, ‬dus (‬9)‬
9	إِيَابٌ	إياب	terug, ‬retour (‬9)‬
9	إِيجَارٌ	إيجار	huur (‬9)‬
9	اِخْتَلَفَ	اختلف	verschillen, ‬van mening verschillen (‬9)‬
9	اِسْتَعْمَلَ	استعمل	gebruiken (‬9)‬
9	اِسْمَحْ‮ ‬لِي	اسمح‮ ‬لي	sta mij toe, ‬pardon, ‬excuseer mij (‬9)‬
9	اِسْمَحِي‮ ‬لِي	اسمحي‮ ‬لي	idem (‬f.) (‬9)‬
9	الأولَى	الأولى	de eerste (‬f. ‬onverbuigbaar) (‬9)‬
9	بَارَكَ‮ ‬اللّهُ‮ ‬فِيكَ	بارك‮ ‬الله‮ ‬فيك	bedankt; ‬God zegene je (‬9)‬
9	بَحَثَ‮ \ ‬يَبْحَثُ	بحث‮ \ ‬يبحث	zoeken, ‬onderzoeken (‬عن iets) (‬9)‬
9	تاكسي	تاكسي	taxi (‬9)‬
9	تَذْكَرَةٌ‮ \ ‬تَذَاكِرُ	تذكرة‮ \ ‬تذاكر	kaartje, ‬billet, ‬ticket (‬9)‬
9	تَعْلِيمٌ	تعليم	onderwijs (‬9)‬
9	تَفَضَّلَ‮ \ ‬يَتَفَضَّلُ	تفضل‮ \ ‬يتفضل	zo vriendelijk zijn (‬بِـ om) (‬9)‬
9	تَفَضَّلِي	تفضلي	alstublieft (‬tegen een vrouw)) (‬9)‬ (‬les 3) ‬gebruikt) (‬9)‬
9	تُونِسُ	تونس	Tunis, ‬Tunesië (‬9)‬
9	ثَلاثَةٌ	ثلاثة	drie (‬9)‬
9	ثَلاثُونَ	ثلاثون	dertig (‬9)‬
9	ثَمَنٌ	ثمن	prijs (‬9)‬
9	حَدَّدَ	حدد	begrenzen, ‬vastleggen, ‬bepalen (‬9)‬
9	دَرَجَةٌ	درجة	graad, ‬klasse (‬9)‬
9	دِرْهَمٌ‮ \ ‬دَرَاهِمُ	درهم‮ \ ‬دراهم	Dirham (‬9)‬
9	دَفَعَ‮ \ ‬يَدْفَعُ	دفع‮ \ ‬يدفع	duwen; ‬betalen (‬لِـ (‬aan) ‬iemand,‬هـ iets) (‬9)‬
9	ذَهَابٌ	ذهاب	heen, ‬enkel (‬9)‬
9	رَصِيفٌ	رصيف	perron (‬9)‬
9	زَحْمَةٌ	زحمة	drukte (‬9)‬
9	سَائِقٌ‮ \ ‬ـُونَ	سائق‮ \ ‬ـون	chaufeur (‬9)‬
9	سَاعَةٌ	ساعة	uur (‬9)‬
9	سَمَحَ‮ \ ‬يَسْمَحُ	سمح‮ \ ‬يسمح	toestaan (‬لِـ aan) (‬9)‬
9	شُبَّاكٌ‮ \ ‬شَبَابِيكُ	شباك‮ \ ‬شبابيك	loket (‬9)‬
9	شُكْرًا‮ ‬جَزِيلا	شكرا‮ ‬جزيلا	hartelijk dank (‬9)‬
9	صَفَاقُسُ	صفاقس	Sfax (‬9)‬
9	عَدَّادٌ	عداد	teller (‬9)‬
9	عِشْرُونَ	عشرون	twintig (‬gen.& ‬acc. ‬عِشْرِينَ) (‬9)‬
9	عُطْلَةٌ‮ \ ‬عُطَلٌ	عطلة‮ \ ‬عطل	vakantie (‬9)‬
9	قَبْلَ‮ ‬أَنْ	قبل‮ ‬أن	voordat (‬9, ‬12)‬
9	لَزِمَ‮ \ ‬يَلْزَمُ	لزم‮ \ ‬يلزم	noodzakelijk zijn (‬9)‬
9	مُرُورٌ	مرور	verkeer (‬9)‬
9	مَسَافَةٌ‮ \ ‬ـَاتٌ	مسافة‮ \ ‬ـات	afstand (‬9)‬
9	مُعَطَّلٌ	معطل	kapot (‬9)‬
9	مَعْهَدٌ‮ \ ‬مَعَاهِدُ	معهد‮ \ ‬معاهد	instituut (‬9)‬
9	مُكَيَّفَةٌ	مكيفة	voorzien van airconditioning (‬9)‬
9	مُمْكِنٌ	ممكن	mogelijk (‬9)‬
9	وَدَّ‮ \ ‬يَوَدُّ‮ \ ‬وَدِدتُّ	ود‮ \ ‬يود‮ \ ‬وددت	graag willen, ‬wensen (‬9)‬
10	أَدَبٌ‮ \ ‬آدَابٌ	أدب‮ \ ‬آداب	letteren, ‬literatuur; ‬goede manieren (‬10)‬ blaam) (‬8)‬
10	أَرَادَ‮ \ ‬يُرِيدُ	أراد‮ \ ‬يريد	willen (‬10)‬
10	أَقَامَ‮ \ ‬يُقِيمُ	أقام‮ \ ‬يقيم	verblijven (‬10)‬ uitvoeren) (‬10)‬
10	إِنْ‮ ‬شَاءَ‮ ‬اللّهُ	إن‮ ‬شاء‮ ‬الله	als God belieft (‬10)‬
10	اِخْتَارَ‮ \ ‬يَخْتَارُ	اختار‮ \ ‬يختار	kiezen (‬10)‬
10	اِسْتَطَاعَ‮ \ ‬يَسْتَطِيعُ	استطاع‮ \ ‬يستطيع	kunnen, ‬in staat zijn (‬10)‬ iemand, (‬في‮ ‬على over) (‬18)‬
10	اِسْوَدَّ‮ \ ‬يَسْوَدُّ	اسود‮ \ ‬يسود	zwart worden (‬10, ‬13)‬
10	اِنْهَارَ‮ \ ‬يَنْهَارُ	انهار‮ \ ‬ينهار	in elkaar storten (‬10)‬
10	اِهْتَمَّ‮ \ ‬يَهْتَمُّ	اهتم‮ \ ‬يهتم	zich interesseren (‬بِـ voor), ‬geven (‬بِـ om) (‬10)‬
10	بَاعَ‮ \ ‬يَبِيعُ	باع‮ \ ‬يبيع	verkopen (‬10)‬
10	تَارِيخٌ	تاريخ	datum; ‬geschiedenis (‬10)‬
10	تَعَاوَنَ‮ \ ‬يَتَعَاوَنُ	تعاون‮ \ ‬يتعاون	elkaar helpen (‬10)‬
10	تَغَيَّرَ‮ \ ‬يَتَغَيَّرُ	تغير‮ \ ‬يتغير	veranderen (‬intransitief) (‬10)‬
10	ثَقَافَةٌ‮ \ ‬َاتٌ	ثقافة‮ \ ‬ات	cultuur (‬10)‬
10	حَارَ‮ \ ‬يَحَارُ‮ (‬ح‮ ‬ي‮ ‬ر‮)‬	حار‮ \ ‬يحار‮ (‬ح‮ ‬ي‮ ‬ر‮)‬	radeloos zijn (‬10)‬ op het volgende woord) (‬5, $‬29)‬
10	حَاسِبْ‮!‬	حاسب‮!‬	pas op (‬m.)! (‬10)‬
10	حَدِيثٌ	حديث	gesprek; ‬verslag (‬10, ‬17)‬
10	حَمٌ	حم	schoonvader (‬in status constructus lange heeft) (‬10)‬
10	ذُو	ذو	bezitter van (‬10)‬
10	رِحْلَةٌ	رحلة	reis (‬10)‬
10	رِحْلَةً‮ ‬سَعِيدَةً	رحلة‮ ‬سعيدة	goeie reis (‬10)‬
10	شَاءَ‮ \ ‬يَشَاءُ	شاء‮ \ ‬يشاء	willen, ‬wensen (‬أَنْ dat) (‬10)‬
10	طَالَ‮ \ ‬يَطُولُ	طال‮ \ ‬يطول	lang zijn, ‬lang worden (‬10)‬
10	طَرِيفٌ	طريف	merkwaardig, ‬ongewoon (‬10)‬
10	طَوِيلٌ	طويل	lang (‬10)‬
10	ظَنَّ‮ \ ‬يَظُنُّ	ظن‮ \ ‬يظن	denken, ‬vermoeden (‬أَنْ dat) (‬10)‬
10	عَاوَنَ‮ \ ‬يُعَاوِنُ	عاون‮ \ ‬يعاون	helpen (‬10)‬
10	غَيَّرَ‮ \ ‬يُغَيِّرُ	غير‮ \ ‬يغير	veranderen (‬هـ iets) (‬10, ‬21)‬
10	فَصْلٌ	فصل	afdeling; ‬klas; ‬jaargetijde (‬10)‬
10	فَلْسَفَةٌ	فلسفة	filosofie (‬10)‬
10	قَصِيرٌ	قصير	kort (‬10)‬
10	كُلِّيَّةٌ‮ \ ‬َاتٌ	كلية‮ \ ‬ات	faculteit (‬10)‬
10	مَا‮ ‬شَاءَ‮ ‬اللّهُ	ما‮ ‬شاء‮ ‬الله	Allemachtig! (‬lett. ‬Wat wil God!) (‬10)‬
10	مُحَادَثَةٌ	محادثة	bespreking (‬10)‬
10	مُفِيدٌ	مفيد	nuttig (‬10)‬
10	مُمْتِعٌ	ممتع	interessant, ‬plezierig (‬10)‬ ertegen) (‬8)‬
10	مُهِمٌّ	مهم	belangrijk (‬10)‬
10	مَوْضُوعٌ‮ \ ‬مَوَاضِعُ	موضوع‮ \ ‬مواضع	onderwerp (‬10)‬
10	نَامَ‮ \ ‬يَنَامُ	نام‮ \ ‬ينام	slapen (‬10)‬
10	يَا‮ ‬خَسَارَةُ	يا‮ ‬خسارة	Wat jammer, ‬wat een pech! (‬10)‬
10	يَا‮ ‬سَلامُ	يا‮ ‬سلام	Goeie genade, ‬mijn hemel! (‬10)‬
11	أَعْطَى‮ \ ‬يُعْطِي	أعطى‮ \ ‬يعطي	geven (‬11)‬
11	أَيْضًا	أيضا	ook (‬11)‬
11	اِبْنٌ	ابن	zoon (‬11)‬
11	اِبْنُ‮ ‬الْحَرَامِ	ابن‮ ‬الحرام	bastaard (‬11)‬ verboden of taboe is) (‬11)‬
11	اِسْتَبْقَى‮ \ ‬يَسْتَبْقِي	استبقى‮ \ ‬يستبقي	bewaren (‬11)‬
11	اِشْتَرَى‮ \ ‬يَشْتَرِي	اشترى‮ \ ‬يشتري	kopen (‬11)‬
11	اِمْشِ	امش	ga weg!(‬f. ‬اِمْشِي) (‬11)‬
11	اِنْقَضَى‮ \ ‬يَنْقَضِي	انقضى‮ \ ‬ينقضي	afgesloten worden, ‬beëindigd worden (‬11)‬ doorbrengen (‬19)‬
11	بُرتُقال	برتقال	sinaasappel (‬11)‬
11	بَقَّالٌ	بقال	kruidenier (‬11)‬
11	بَقِيَ‮ \ ‬يَبْقَى	بقي‮ \ ‬يبقى	blijven (‬11)‬
11	بِكَمْ؟	بكم؟	voor hoeveel? (‬11)‬
11	بِنْتُ‮ ‬الْحَرَامِ	بنت‮ ‬الحرام	bastaard (‬f.) (‬11)‬
11	تُفَّاحٌ	تفاح	appels (‬coll.) (‬11)‬
11	تَلاقَى‮ \ ‬يَتَلاقَى	تلاقى‮ \ ‬يتلاقى	elkaar ontmoeten (‬11)‬
11	تَمَنَّى‮ \ ‬يَتَمَنَّى	تمنى‮ \ ‬يتمنى	toewensen (‬لـ aan) (‬11)‬
11	خُضَارٌ‮ \ ‬خُضْرَوَاتٌ	خضار‮ \ ‬خضروات	groenten (‬11)‬
11	خَلِّنِي‮ (‬خَلِّينِي‮!)‬	خلني‮ (‬خليني‮!)‬	laat mij met rust! (‬11)‬
11	خَلَّى‮ \ ‬يُخَلِّي	خلى‮ \ ‬يخلي	weg gaan, ‬alleen laten (‬11)‬
11	رُحْ‮ (‬رُوحْ‮!)‬	رح‮ (‬روح‮!)‬	ga weg! (‬f. ‬رُوحِي) (‬11)‬
11	رَطْلٌ‮ \ ‬أَرْطَالٌ	رطل‮ \ ‬أرطال	pond (‬11)‬
11	رَمَى‮ \ ‬يَرْمِي	رمى‮ \ ‬يرمي	gooien (‬11)‬
11	زُجَاجَةٌ‮ \ ‬َات	زجاجة‮ \ ‬ات	(‬glazen) ‬fles, (‬drink-) ‬glas (‬11, $‬28)‬
11	سُوَّاحٌ‮ ‬of‮ ‬سَائِحٌ‮ \ ‬سُيَّاحٌ	سواح‮ ‬of‮ ‬سائح‮ \ ‬سياح	tourist (‬11)‬
11	سُوقٌ‮ \ ‬أَسْوَاقٌ	سوق‮ \ ‬أسواق	markt (‬11)‬
11	صابون	صابون	zeep (‬11)‬
11	صَلَّى‮ \ ‬يُصَلِّي	صلى‮ \ ‬يصلي	de ‮'‬alءt bidden (‬11)‬
11	طَبْعًا	طبعا	natuurlijk, ‬zeker (‬11)‬
11	طَمَاطِمٌ	طماطم	tomaten (‬collectief) (‬11)‬
11	عِنَبٌ	عنب	druiven (‬11)‬
11	غِرَامٌ‮ \ ...‬ات‮ ‬of‮ ‬جِرَامٌ‮ \ ...‬ات	غرام‮ \ ...‬ات‮ ‬of‮ ‬جرام‮ \ ...‬ات	gram (‬11)‬
11	فَاكِهَةٌ‮ \ ‬فَوَاكِهٌ	فاكهة‮ \ ‬فواكه	fruit (‬11)‬
11	فُولٌ	فول	bonen, ‬bruine bonen (‬11, $‬22, $‬24)‬
11	كِيلُو‮ \ ‬كِيلُوهَاتٌ	كيلو‮ \ ‬كيلوهات	kilo (‬11)‬
11	لَحْمٌ	لحم	vlees (‬11)‬
11	لَذيذ	لذيذ	lekker (‬11)‬
11	لَعَنَكَ‮ ‬اللّهُ	لعنك‮ ‬الله	Moge God je vervloeken (‬11)‬
11	لِمَاذَا‮ ‬،‮ ‬لِمَا‮ ‬،‮ ‬لِمَ	لماذا‮ ‬،‮ ‬لما‮ ‬،‮ ‬لم	waarom (‬11)‬
11	مَاءٌ‮ \ ‬مِيَاهٌ	ماء‮ \ ‬مياه	water (‬11)‬
11	مَشَى‮ \ ‬يَمْشِي	مشى‮ \ ‬يمشي	lopen (‬11)‬
11	نَادَى‮ \ ‬يُنَادِي	نادى‮ \ ‬ينادي	schreeuwen (‬11)‬
11	نِصْفٌ	نصف	helft (‬11)‬
11	نَوْعٌ‮ \ ‬أَنْوَاعٌ	نوع‮ \ ‬أنواع	soort (‬11)‬
11	وَاجِبٌ‮ \ ‬ـَات	واجب‮ \ ‬ـات	plicht (‬11)‬
11	وَقْتٌ‮ \ ‬أَوْقَاتٌ	وقت‮ \ ‬أوقات	tijd (‬11)‬
12	آلَةٌ‮ \ ‬آلاتٌ	آلة‮ \ ‬آلات	apparaat, ‬toestel (‬12)‬
12	أَتَى‮ \ ‬يَـأْتِي	أتى‮ \ ‬يـأتي	komen (‬بـ iets meebrengen) (‬12)‬
12	أَجَابَ	أجاب	antwoorden (‬على op) (‬12)‬
12	أَلَمٌ‮ \ ‬آلامٌ	ألم‮ \ ‬آلام	pijn, ‬leed (‬12)‬
12	اَلْقُرْآن	القرآن	de Koran (‬12)‬
12	تِجَارَةٌ	تجارة	handel (‬12)‬
12	تَخَرَّجَ	تخرج	afstuderen (‬12)‬
12	تَوَقَّفَ	توقف	stilstaan, ‬stoppen, ‬halthouden (‬12, $‬28)‬
12	ثَقِيلٌ‮ \ ‬ثِقَالٌ‮ ‬،‮ ‬ثُقَلاَءُ	ثقيل‮ \ ‬ثقال‮ ‬،‮ ‬ثقلاء	zwaar (‬12)‬
12	جُزْءٌ‮ \ ‬أَجْزَاءُ	جزء‮ \ ‬أجزاء	deel, ‬stuk (‬12)‬
12	جَيْشٌ‮ \ ‬جُيُوشٌ	جيش‮ \ ‬جيوش	leger (‬12)‬
12	حَاضِرٌ‮ \ ‬ُونَ	حاضر‮ \ ‬ون	aanwezig, ‬present (‬12)‬
12	حِذَاءٌ‮ \ ‬أَحْذِيَةٌ	حذاء‮ \ ‬أحذية	paar schoenen (‬12)‬
12	خَفِيفٌ‮ \ ‬خِفَافٌ	خفيف‮ \ ‬خفاف	licht (‬12)‬
12	رَخِيصٌ	رخيص	goedkoop (‬12)‬
12	سُؤَالٌ‮ \ ‬أَسْئِلَةٌ	سؤال‮ \ ‬أسئلة	vraag ( ‬عن over) (‬12)‬
12	سَلاحٌ‮ \ ‬أَسْلِحَةٌ	سلاح‮ \ ‬أسلحة	wapen (‬12)‬
12	سَلَّمَ	سلم	groeten (‬عَلَى iemand) (‬12)‬
12	سَلِّمْ‮ ‬لِي‮ ‬عَلَى	سلم‮ ‬لي‮ ‬على	doe de groeten aan (‬12)‬
12	سَلِّمِي‮ ‬لِي‮ ‬عَلَى	سلمي‮ ‬لي‮ ‬على	doe (‬f.) ‬de groeten aan (‬12)‬
12	شَدِيدٌ‮ \ ‬شِدَادٌ	شديد‮ \ ‬شداد	hevig (‬12)‬
12	ظَالِمٌ‮ \ ‬ُونَ‮ ‬،‮ ‬ظُلامٌ	ظالم‮ \ ‬ون‮ ‬،‮ ‬ظلام	oneerlijk, ‬onrechtvaardig (‬12)‬
12	ظُهْرًا‮ \ ‬بَعْدَ‮ ‬الظُّهْرِ	ظهرا‮ \ ‬بعد‮ ‬الظهر	شs middags (‬12)‬
12	ظُهْر	ظهر	namiddag (‬12)‬
12	عَامِلٌ‮ \ ‬عُمَّالٌ	عامل‮ \ ‬عمال	arbeider (‬12)‬
12	عُضْوٌ‮ \ ‬أَعْضاءُ	عضو‮ \ ‬أعضاء	lid (‬12)‬
12	قَبْلَ	قبل	voor (‬12)‬
12	كُلٌّ	كل	geheel (‬12)‬ genoeg zijn (‬22)‬
12	لَطِيفٌ‮ \ ‬لِطَافٌ	لطيف‮ \ ‬لطاف	aardig, ‬mild (‬12)‬
12	لَعِبَ‮ \ ‬يَلْعَبُ	لعب‮ \ ‬يلعب	spelen (‬12)‬
12	مَتْحَفٌ‮ \ ‬مَتَاحِفُ	متحف‮ \ ‬متاحف	museum (‬12)‬
12	مَرْكَز‮ \ ‬مَراكِزُ	مركز‮ \ ‬مراكز	centrum (‬12)‬
12	مَصْنَع‮\ ‬مَصانِعُ	مصنع‮\ ‬مصانع	fabriek (‬12)‬
12	وَصَلَ‮ \ ‬يَصِلُ	وصل‮ \ ‬يصل	aankomen (‬12)‬
12	وَضَعَ‮ \ ‬يَضَعُ	وضع‮ \ ‬يضع	leggen, ‬neerleggen (‬12, $‬28)‬
12	وَعَى‮ \ ‬يَعِي	وعى‮ \ ‬يعي	beseffen (‬12)‬
12	وَقَفَ‮ \ ‬يَقِفُ	وقف‮ \ ‬يقف	stoppen (‬12)‬
13	آخَذَ‮ \‬يُآخِذُ	آخذ‮ \‬يآخذ	kwalijk nemen (‬ik neem kwalijk أُؤَاخِذُ) (‬13)‬
13	آمَنَ‮ \ ‬يُؤْمِنُ	آمن‮ \ ‬يؤمن	geloven (‬بِـ in) (‬13)‬
13	أَخَذَ‮\ ‬يَـأْخُذُ	أخذ‮\ ‬يـأخذ	nemen (‬13)‬
13	أَكْرَمَ	أكرم	eren (‬13)‬
13	أَمَرَ‮ \ ‬يَـأْمُرُ	أمر‮ \ ‬يـأمر	bevelen (‬ik beveel آمُرُ) (‬13)‬
13	أَنْزَلَ	أنزل	onderbrengen (‬13)‬ uitstappen (‬13)‬
13	اِبْتَلَّ	ابتل	nat worden (‬13)‬
13	اَلدُّنْيَا	الدنيا	de wereld (‬13)‬
13	اِمْتِحَانٌ‮ \ ‬َاتٌ	امتحان‮ \ ‬ات	examen (‬13)‬
13	بِالْكُلِّ	بالكل	in totaal (‬13)‬
13	جَرْسُون	جرسون	kelner (‬uitspraak
13	دُونَ‮ ‬،‮ ‬بِدُونِ	دون‮ ‬،‮ ‬بدون	zonder (‬13)‬
13	رِجْلٌ	رجل	been (‬13)‬
13	زَادَ‮ \ ‬يَزِيدُ	زاد‮ \ ‬يزيد	toenemen (‬13)‬
13	زَارَ‮ \ ‬يَزُورُ	زار‮ \ ‬يزور	bezoeken (‬13)‬
13	سَعِيدَة	سعيدة	goeiedag (‬13)‬
13	سُكُّرٌ	سكر	suiker (‬13)‬
13	صَبِيٌّ‮ \ ‬صِبْيَانٌ	صبي‮ \ ‬صبيان	jongen, ‬knul (‬13)‬
13	ضَرَبَ‮ \ ‬يَضْرِبُ	ضرب‮ \ ‬يضرب	slaan (‬13)‬
13	طَبَّاخٌ	طباخ	kok (‬13)‬
13	عَيْنٌ	عين	oog (‬f.) (‬13)‬
13	كُلُّ‮ ‬سَنَةٍ‮ ‬وَأَنْتَ‮ ‬بِخَيْرِ	كل‮ ‬سنة‮ ‬وأنت‮ ‬بخير	gelukkig nieuwjaar (‬13)‬
13	لَمَّا	لما	toen (‬13)‬
13	مُقِيمٌ	مقيم	verblijvend (‬13)‬
13	نَائِمٌ	نائم	slapend (‬13)‬
13	نَهَارُكَ‮ ‬سَعِيدٌ	نهارك‮ ‬سعيد	goeiedag (‬13)‬
13	نَهَار	نهار	dag (‬in tegenstelling tot لَيْل nacht) (‬13)‬
13	وَأَنْتَ‮ ‬بِخَيْرِ	وأنت‮ ‬بخير	gelukkig nieuwjaar (‬antwoord) (‬13)‬
13	وَقَعَ‮ \ ‬يَقَعُ	وقع‮ \ ‬يقع	vallen (‬13, $‬21, $‬22)‬
14	pers.‬voorn.‬w. + ‬عَلَى	pers.‬voorn.‬w. + ‬على	verplicht zijn voor; ‬moeten (‬14, $‬24)‬
14	آخَرُ	آخر	ander (‬diptoot, ‬mannelijk) (‬14)‬
14	أَجَلْ‮!‬	أجل‮!‬	jazeker! (‬14)‬
14	أَمَّا‮ ... ‬فَـ‮ ...‬	أما‮ ... ‬فـ‮ ...‬	wat ... ‬betreft, ‬welnu ... (‬14)‬
14	أَمْرٌ‮ \ ‬أُمُورٌ	أمر‮ \ ‬أمور	zaak, ‬kwestie (‬14)‬
14	أَنِيقٌ	أنيق	fraai, ‬elegant (‬14)‬
14	اِتَّحَدَ‮ \ ‬يَتَّحِدُ	اتحد‮ \ ‬يتحد	zich verenigen (‬14)‬
14	اِدَّعَى‮ \ ‬يَدَّعِي	ادعى‮ \ ‬يدعي	beweren (‬14)‬ tot) (‬11)‬
14	اِدَّكَرَ‮ \ ‬يَدَّكِرُ	ادكر‮ \ ‬يدكر	zich herinneren, ‬denken (‬هـ aan) (‬14)‬
14	اِزْدَحَمَ‮ \ ‬يَزْدَحِمُ	ازدحم‮ \ ‬يزدحم	zich verdringen (‬14)‬
14	اِصْطَادَ‮ \ ‬يَصْطَادُ	اصطاد‮ \ ‬يصطاد	jagen (‬14)‬
14	اِضْطَرَّ‮ \ ‬يَضْطَرُّ	اضطر‮ \ ‬يضطر	dwingen (‬ه iemand, ‬إلى tot) (‬14)‬
14	اِطَّلَعَ‮ \ ‬يَطَّلِعُ	اطلع‮ \ ‬يطلع	uitkijken (‬على op) (‬14)‬
14	اِظَّلَمَ‮ \ ‬يَظَّلِمُ	اظلم‮ \ ‬يظلم	onrecht lijden (‬14)‬
14	اِفْتَكَرَ	افتكر	overdenken (‬14)‬
14	بِالنِّسْبَةِ‮ ‬إِلَى	بالنسبة‮ ‬إلى	met betrekking tot (‬14)‬
14	بَرَكَةٌ‮ \ ‬ـات	بركة‮ \ ‬ـات	zegen (‬14)‬
14	بُسْتَانٌ‮ \ ‬بَسَاتِينُ	بستان‮ \ ‬بساتين	tuin (‬14)‬
14	بَلْ	بل	het is in tegendeel zo dat (‬14)‬
14	بَنَى‮ \ ‬يَبْنِي	بنى‮ \ ‬يبني	bouwen (‬14)‬
14	ترَك‮ \ ‬يترُك	ترك‮ \ ‬يترك	laten, ‬verlaten (‬14)‬
14	جَرَى‮ \ ‬يَجْرِي	جرى‮ \ ‬يجري	overkomen (‬على iemand); ‬stromen (‬14)‬
14	جَمِيعًا	جميعا	samen, ‬tezamen, ‬gezamelijk (‬14)‬
14	جَمِيعٌ	جميع	geheel, ‬allen, ‬alles (‬14)‬
14	حَرِيمٌ	حريم	harem (‬de vrouwen of de plaats) (‬14)‬
14	شَاهِقٌ	شاهق	omhoog reikende, ‬hoog (‬14)‬
14	صُعُوبَةٌ‮ \ ‬َاتٌ	صعوبة‮ \ ‬ات	moeilijkheid (‬14)‬
14	صَيْدٌ	صيد	jacht (‬14)‬
14	ضَيْفٌ‮ \ ‬ضُيُوفٌ	ضيف‮ \ ‬ضيوف	gast (‬14)‬
14	ضَيِّقٌ	ضيق	nauw (‬14)‬ accomodatie (‬14)‬
14	غَسَلَ‮ \ ‬يَغْسِلُ	غسل‮ \ ‬يغسل	wassen (‬14)‬
14	كَلامٌ	كلام	woorden, ‬spraak (‬14)‬
14	لأجْلِ	لأجل	door, ‬vanwege (‬14)‬
14	لأجْلِ	لأجل	door, ‬vanwege (‬14)‬ naamwoord) (‬11, ‬15)‬
14	لكِنَّ‮ ‬،‮ ‬لكِنْ	لكن‮ ‬،‮ ‬لكن	maar (‬14)‬
14	لكِنَّ‮ ‬،‮ ‬لكِنْ	لكن‮ ‬،‮ ‬لكن	maar (‬14)‬
14	مَذْكُورٌ	مذكور	genoemd (‬14)‬
14	مَلِيحٌ	مليح	zout; ‬mooi (‬14)‬
14	مَمْلَكَةٌ‮ \ ‬مَمالِكُ	مملكة‮ \ ‬ممالك	koninkrijk (‬14)‬
14	هَلْ‮ ‬لَكَ‮ ‬أَنْ‮ ...‬؟	هل‮ ‬لك‮ ‬أن‮ ...‬؟	heb jij zin om ...? (‬14)‬
15	أَرَى‮ \ ‬يُرِي	أرى‮ \ ‬يري	laten zien, ‬tonen (‬15)‬ af ... (‬27)‬
15	أَسْوَدُ	أسود	zwart (‬15)‬
15	أَظهر	أظهر	tonen (‬15)‬
15	اِجْتِمَاعِيٌّ	اجتماعي	sociaal (‬15)‬
15	ثَوْبٌ‮ \ ‬ثِيَابٌ	ثوب‮ \ ‬ثياب	kledingstuk, ‬kleed (‬15)‬
15	جَارِيَةٌ	جارية	slavenmeisje (‬15)‬
15	جلَس‮ \ ‬يجلِس	جلس‮ \ ‬يجلس	zitten gaan (‬إِلَى aan) (‬15)‬
15	خَارِجَ	خارج	buiten (‬prep.) (‬15)‬
15	دِيمُوقْرَاطِيٌّ‮ ‬،دِيمُقْرَاطِيٌّ	ديموقراطي‮ ‬،ديمقراطي	democratisch (‬15)‬
15	رَأَى‮ \ ‬يَرَى	رأى‮ \ ‬يرى	zien (‬15)‬
15	شَجَرَةٌ‮ \ ‬أَشْجارٌ	شجرة‮ \ ‬أشجار	boom (‬15)‬
15	شُغْلٌ‮ \ ‬أَشْغَالٌ	شغل‮ \ ‬أشغال	werk (‬pl. ‬werkzaamheden) (‬15)‬
15	شَيْخٌ‮ \ ‬شُيُوحٌ	شيخ‮ \ ‬شيوح	oude man; ‬wijze oude man; ‬sjeik (‬15)‬
15	صاح‮ \ ‬يصيح	صاح‮ \ ‬يصيح	schreeuwen (‬15)‬
15	ضحَك‮ \ ‬يضحَكُ	ضحك‮ \ ‬يضحك	lachen (‬15)‬
15	طَرِيقٌ‮ \ ‬طُرُقٌ	طريق‮ \ ‬طرق	weg (‬15)‬
15	طَيْرٌ‮ \ ‬أَطْيَارٌ	طير‮ \ ‬أطيار	vogel (‬15)‬
15	عَلَى‮ ‬أَنَّ	على‮ ‬أن	zij het dat (‬15)‬
15	عَلَى‮ ‬أَنَّ	على‮ ‬أن	zij het dat (‬15)‬
15	غَزَالٌ‮ \ ‬غِزْلانٌ	غزال‮ \ ‬غزلان	gazelle (‬15)‬
15	غلَق‮ \ ‬يَغْلِق	غلق‮ \ ‬يغلق	sluiten (‬15)‬
15	قلَع‮ \ ‬يقلَع	قلع‮ \ ‬يقلع	uittrekken (‬15)‬
15	قَمَرٌ	قمر	maan (‬15)‬
15	كَـأَنَّ	كـأن	alsof (‬15)‬
15	كَـأَنَّ	كـأن	alsof (‬15)‬
15	لأنَّ	لأن	omdat (‬15)‬
15	لِبْسٌ	لبس	kleding (‬15)‬
15	لبِس‮ \ ‬يلبَس	لبس‮ \ ‬يلبس	aantrekken, ‬zich kleden (‬15)‬
15	مَجْلِسُ‮ ‬الشُّيُوخِ	مجلس‮ ‬الشيوخ	de eerste kamer, ‬de senaat (‬15)‬
15	مَعَ‮ ‬أَنَّ	مع‮ ‬أن	zij het dat (‬15)‬
15	مَعَ‮ ‬أَنَّ	مع‮ ‬أن	zij het dat (‬15)‬
15	ناحِيَةٌ	ناحية	richting (‬15)‬
15	نظَر‮ \ ‬ينظُر	نظر‮ \ ‬ينظر	kijken (‬15)‬
16	أَذَانٌ	أذان	oproep tot het gebed (‬16)‬ te gaan) (‬24)‬
16	أَذَّنَ‮ \ ‬يُؤَذِّنُ	أذن‮ \ ‬يؤذن	oproepen (‬بالصلاة tot het gebed) (‬16)‬
16	أزعج	أزعج	storen (‬ه iemand) (‬16)‬
16	أَصَابَ	أصاب	treffen (‬16)‬
16	أعجب	أعجب	goed bevallen (‬ه iemand) (‬16)‬
16	استعاد	استعاد	terug vragen (‬16)‬
16	اِسْتَوْحَشَ	استوحش	missen (‬لـ iemand) (‬16)‬
16	تَغْيِيرٌ	تغيير	verandering (‬16)‬
16	جَامِعٌ‮ \ ‬جَوَامِعُ	جامع‮ \ ‬جوامع	grote moskee, ‬vrijdagsmoskee (‬16)‬
16	حَسَن	حسن	goed, ‬mooi, ‬knap, ‬prachtig (‬16)‬ mooie van het lot) (‬17)‬
16	خبّر‮ ‬،‮ ‬أخبر	خبر‮ ‬،‮ ‬أخبر	inlichten, ‬meedelen (‬16)‬
16	خِدْمَةٌ	خدمة	bedienen, ‬dienst (‬16)‬
16	دَوْرَةُ‮ ‬الْمِيَاهِ	دورة‮ ‬المياه	w.‬c. (‬16)‬
16	رُجُوعٌ	رجوع	terugkeer (‬16)‬
16	سَبَبٌ‮ \ ‬أَسْبَابٌ	سبب‮ \ ‬أسباب	oorzaak (‬16)‬
16	سُكْنَى	سكنى	woning (‬niet verbuigbaar) (‬16)‬
16	سكَن‮ \ ‬يسكُن	سكن‮ \ ‬يسكن	wonen (‬16)‬
16	شَارِعٌ‮ \ ‬شَوَارِعُ	شارع‮ \ ‬شوارع	straat (‬16)‬
16	شَرَابٌ‮ \ ‬أَشْرِبَةٌ	شراب‮ \ ‬أشربة	drank (‬16)‬
16	شِقَّةٌ‮ ‬،‮ ‬شَقَّةٌ‮ \ ‬شِقَقٌ	شقة‮ ‬،‮ ‬شقة‮ \ ‬شقق	appartement (‬16)‬
16	شكَر‮ \ ‬يشكُر	شكر‮ \ ‬يشكر	danken (‬16)‬
16	صنَع‮ \ ‬يصنَع	صنع‮ \ ‬يصنع	doen, ‬produceren (‬16)‬
16	عَشَاءٌ	عشاء	avondeten (‬16)‬
16	عَظِيمٌ	عظيم	enorm (‬16)‬
16	غُرْفَةُ‮ ‬جُلُوسٍ	غرفة‮ ‬جلوس	zitkamer (‬16)‬
16	فَرْحَانٌ	فرحان	blij (‬16)‬
16	فِعْلٌ‮ \ ‬أَفْعَالٌ	فعل‮ \ ‬أفعال	daad; ‬werkwoord (‬16)‬
16	قُدُومٌ	قدوم	komst (‬16)‬
16	كتَم‮ \‬يكتُم	كتم‮ \‬يكتم	verbergen (‬16)‬
16	كُلَّمَا	كلما	telkens wanneer (‬16, $‬27)‬
16	لَوْنٌ‮ \ ‬أَلْوَانٌ	لون‮ \ ‬ألوان	kleur (‬16)‬
16	مَـأْذَنٌ‮ ‬،‮ ‬مِئْذَنٌ‮\ ‬مَآذِنُ	مـأذن‮ ‬،‮ ‬مئذن‮\ ‬مآذن	minaret (‬16)‬
16	مُؤَذِّنٌ	مؤذن	mueddzin (‬16)‬
16	مُدَّةٌ‮ \ ‬مُدَدٌ	مدة‮ \ ‬مدد	periode (‬16)‬
16	مَرَّةٌ‮ \ ‬ات	مرة‮ \ ‬ات	keer (‬16, $‬28)‬
16	نَاسٌ	ناس	mensen (‬collectief) (‬16)‬
17	أصلح	أصلح	verbeteren, ‬in orde maken (‬17, $‬23)‬
17	أعفى‮ (‬ع‮ ‬ف‮ ‬و‮)‬	أعفى‮ (‬ع‮ ‬ف‮ ‬و‮)‬	excuseren, ‬vrijstellen (‬من van) (‬17)‬
17	أغضب	أغضب	boos maken (‬17)‬
17	أَمْرِيكَانٌ	أمريكان	Amerikanen (‬coll.) (‬17)‬
17	إِفَادَةٌ	إفادة	nut (‬17)‬
17	بَقَرٌ	بقر	koeien, ‬runderen (‬coll.) (‬17)‬
17	بَقَرَةٌ‮ \ ‬ات	بقرة‮ \ ‬ات	koe (‬17)‬
17	ثَلْجٌ	ثلج	sneeuw, ‬ijs (‬17)‬
17	ثُمَّ	ثم	vervolgens, ‬daarop (‬17)‬
17	جَافٌّ	جاف	droog (‬17)‬
17	جَوٌّ‮ \ ‬أَجْوَاءٌ	جو‮ \ ‬أجواء	lucht, ‬weer (‬pl. ‬vaak met betekenis sg.) (‬17)‬
17	حَارٌّ	حار	heet (‬17)‬
17	حِصَانٌ‮ \ ‬أَحْصِنَةٌ	حصان‮ \ ‬أحصنة	hengst (‬17)‬
17	حَكَى‮ \ ‬يَحْكِي	حكى‮ \ ‬يحكي	vertellen (‬17)‬
17	خَبَرٌ‮ \ ‬أَخْبَارٌ	خبر‮ \ ‬أخبار	bericht (‬pl. ‬journaal) (‬17)‬
17	خَرِيطَةٌ‮ \ ‬ات	خريطة‮ \ ‬ات	plattegrond, ‬kaart, ‬landkaart (‬17)‬
17	خَيْلٌ‮ \ ‬خُيُولٌ	خيل‮ \ ‬خيول	paarden (‬coll. ‬en pl.) (‬17)‬
17	خَيْمَةٌ‮ \ ‬خِيَامٌ	خيمة‮ \ ‬خيام	tent (‬17)‬
17	رِيحٌ‮ \ ‬رِيَاحٌ‮ ‬،‮ ‬أَرْيَاحٌ	ريح‮ \ ‬رياح‮ ‬،‮ ‬أرياح	wind (‬17)‬
17	سكَت‮ \ ‬يسكُت	سكت‮ \ ‬يسكت	zwijgen (‬17)‬
17	شِتَاءٌ	شتاء	winter (‬17)‬
17	صَحِيحٌ	صحيح	waar (‬17)‬
17	صدّق	صدق	geloven (‬17)‬
17	طَقْسٌ	طقس	weer, ‬klimaat (‬17)‬
17	عجِب‮ \ ‬يعجَب	عجب‮ \ ‬يعجب	zich verbazen (‬من , ‬لـ over) (‬17)‬
17	غَيْمَةٌ‮ \ ‬غُيُومٌ	غيمة‮ \ ‬غيوم	wolk (‬17)‬
17	غَيْمٌ	غيم	bewolking (‬coll.) (‬17)‬
17	فَرَحٌ	فرح	vreugde (‬17)‬
17	فِكْرٌ‮ \ ‬أَفْكَارٌ	فكر‮ \ ‬أفكار	denken, ‬gedachte, ‬overweging (‬17)‬
17	قدَر‮ \ ‬يقدِر‮ ‬،‮ ‬قدِر‮ \ ‬يقدَر	قدر‮ \ ‬يقدر‮ ‬،‮ ‬قدر‮ \ ‬يقدر	bij machte zijn, ‬kunnen (‬17)‬ afgesloten in de betreffende context (‬8)‬
17	قَلْبٌ	قلب	hart (‬17)‬
17	لِحُسْنِ‮ ‬الْحَظِّ‮ ‬،‮ ‬من‮ ‬حُسْنِ‮ ‬الْحَظِّ	لحسن‮ ‬الحظ‮ ‬،‮ ‬من‮ ‬حسن‮ ‬الحظ	gelukkig, ‬gelukkigerwijs (‬lett. ‬van het (‬17)‬
17	لَدَى	لدى	bij (‬prep.) (‬17)‬
17	مُشْمِسٌ	مشمس	zonnig (‬17)‬
17	مَنَاخٌ	مناخ	klimaat (‬17)‬
17	نَارٌ‮ \ ‬نِيرَانٌ	نار‮ \ ‬نيران	vuur (‬f.) (‬17)‬
17	وَرَقَةٌ‮ \ ‬أَوْرَاقٌ‮ ‬،‮ ‬وَرَقَاتٌ	ورقة‮ \ ‬أوراق‮ ‬،‮ ‬ورقات	blad (‬17)‬
17	وَرَقٌ	ورق	bladeren (‬coll.) (‬17)‬
17	وَعَدَ‮ \ ‬يَعِدُ	وعد‮ \ ‬يعد	beloven (‬17)‬
17	وَفَى‮ \ ‬يَفِي	وفى‮ \ ‬يفي	nakomen (‬17)‬
18	أتمنّى‮ ‬لك‮ ‬الشِّفَاءَ	أتمنى‮ ‬لك‮ ‬الشفاء	Ik wens je beterschap (‬18)‬
18	أَحَد	أحد	één persoon, ‬iemand (‬18)‬
18	أقبل	أقبل	naderen (‬18)‬
18	أَوَائِلُ	أوائل	eerste deel, ‬begin (‬pl. ‬van أَوَّلُ) (‬18)‬
18	إِسْهَالٌ	إسهال	diarree (‬18)‬
18	اَللّهُ‮ ‬طَعَالَى	الله‮ ‬طعالى	God ذ hij is verheven ذ (‬18)‬ reiziger) (‬10)‬
18	اَللّهُ‮ ‬يُشْفِيك	الله‮ ‬يشفيك	Moge God je genezen (‬18)‬
18	بَحْر‮ \ ‬بِحَار	بحر‮ \ ‬بحار	zee (‬18)‬
18	بَطْنٌ	بطن	buik (‬18)‬
18	تحسّن	تحسن	beter worden, ‬genezen (‬18)‬
18	تقيّأ	تقيأ	braken (‬18)‬
18	حُبّ	حب	liefde (‬18)‬
18	حدّد‮ ‬مِيعَادًا	حدد‮ ‬ميعادا	een afspraak maken (‬18)‬
18	خَطِيرٌ	خطير	gevaarlijk, ‬ernstig (‬18)‬
18	دَوَاءٌ‮ \ ‬أَدْوِيَةٌ	دواء‮ \ ‬أدوية	medicijn (‬18)‬
18	دَوْخَةٌ	دوخة	duizeligheid (‬18)‬
18	سبَق‮ \ ‬يَسْبُِقُ	سبق‮ \ ‬يسبق	voorafgaan (‬18)‬
18	شعر‮ ‬بِدَوْخَة	شعر‮ ‬بدوخة	duizelig zijn (‬duizeligheid voelen) (‬18)‬ opmerken (‬بِـ iets) (‬18, $‬28)‬
18	صَحْرَاءٌ‮ \ ‬صَحَارٍ‮ ‬،‮ ‬صَحَارَى‮ ‬،	صحراء‮ \ ‬صحار‮ ‬،‮ ‬صحارى‮ ‬،	woestijn (‬18)‬
18	صَيْحة	صيحة	schreeuw (‬18)‬
18	صَيْدَلِيَّةٌ	صيدلية	apotheek (‬18)‬
18	ضرَب‮ ‬التِّلِيفُون	ضرب‮ ‬التليفون	telefoneren (‬18)‬
18	طاب‮ \ ‬يطيب	طاب‮ \ ‬يطيب	goed zijn, ‬beter worden, ‬plezieren (‬18)‬
18	طَبِيبٌ‮ \ ‬أَطِبَّاءُ	طبيب‮ \ ‬أطباء	arts (‬18)‬
18	طلَع‮ \ ‬يطلُع	طلع‮ \ ‬يطلع	opgaan, ‬opkomen (‬18)‬
18	ظَهْر	ظهر	rug (‬18)‬
18	عادة	عادة	gewoonte, ‬gebruik (‬18, $‬24)‬
18	عالَم	عالم	wereld (‬18)‬
18	عَدْوَى	عدوى	infectie (‬onverbuigbaar) (‬18)‬
18	عَقْلٌ	عقل	verstand (‬18)‬
18	غَثَتْ‮ ‬نَفْسِي	غثت‮ ‬نفسي	ik ben misselijk (‬18)‬ overhoop) (‬18)‬
18	فهِم‮ / ‬يفهَم	فهم‮ / ‬يفهم	begrijpen (‬18)‬
18	كُرة‮ (‬ك‮ ‬ر‮ ‬و‮)‬	كرة‮ (‬ك‮ ‬ر‮ ‬و‮)‬	bal (‬18)‬
18	مَرْج	مرج	weide (‬18)‬
18	مُسْتَشْفًى‮ \ ‬مُسْتَشْفَيَاتٌ	مستشفى‮ \ ‬مستشفيات	ziekenhuis (‬18)‬
18	مَعْنًى‮ \ ‬مَعَانٍ	معنى‮ \ ‬معان	betekenis, ‬idee (‬18)‬
18	مِيعَادٌ‮ \ ‬مَوَاعِيدُ	ميعاد‮ \ ‬مواعيد	afspraak, ‬afgesproken tijdstip (‬18)‬
18	نَبات	نبات	planten (‬coll.) (‬18)‬
18	نِظَامٌ‮ ‬غِذَائِيٌّ	نظام‮ ‬غذائي	dieet (‬18)‬
18	نُورٌ‮ \ ‬أَنْوَارٌ	نور‮ \ ‬أنوار	licht (‬18)‬
18	وافق	وافق	instemmen (‬ه met iemand, ‬في‮ ‬على over) (‬18)‬
19	أَبْيَضُ	أبيض	wit  (‬19)‬
19	أَحْمَرُ	أحمر	rood (‬19)‬
19	أَحْمَقُ	أحمق	dom (‬19)‬
19	أَخْضَرُ	أخضر	groen (‬19)‬
19	أَزْرَقُ	أزرق	blauw (‬19)‬
19	أَسْمَرُ	أسمر	bruin (‬19)‬
19	أَشار	أشار	wenken, ‬beduiden (‬19)‬
19	أَشْقَرُ	أشقر	blond (‬19)‬
19	أَصْفَرُ	أصفر	geel (‬19)‬
19	أَطْرَشُ	أطرش	doof (‬19)‬
19	أَعْمَى	أعمى	blind (‬19)‬
19	اَلسَاعَةَ	الساعة	onmiddelijk, ‬nu (‬19)‬
19	بَرٌّ	بر	vasteland, ‬open land (‬19, $‬22)‬
19	تِمْثَالٌ‮ \ ‬تَمَاثِيلُ	تمثال‮ \ ‬تماثيل	sculptuur, ‬beeld (‬19)‬
19	جَاهِلِيَّةٌ	جاهلية	pre-‬Islamitische tijd (‬19)‬
19	حطّ‮ \‬يحُطّ	حط‮ \‬يحط	plaatsen, ‬neerzetten (‬19)‬
19	خاف‮ \ ‬يخاف‮ \ ‬خِفْتُ	خاف‮ \ ‬يخاف‮ \ ‬خفت	bang zijn (‬هـ , ‬ه of من voor) (‬19)‬
19	خَطٌّ	خط	schrift (‬19)‬
19	دَلِيلٌ	دليل	gids (‬19)‬
19	شَقَّ‮ \ ‬يَشُقُّ	شق‮ \ ‬يشق	splijten; ‬doorkruisen (‬19)‬
19	صَنْدُوقٌ‮ ‬،‮ ‬صُنْدُوقٌ‮ \ ‬صَنَادِيقُ	صندوق‮ ‬،‮ ‬صندوق‮ \ ‬صناديق	doos, ‬kist (‬19)‬
19	طَابَقٌ‮ \ ‬طَوَابِقُ	طابق‮ \ ‬طوابق	etage (‬in een groot gebouw) (‬19)‬
19	طَبَقَةٌ‮ \ ...‬َاتٌ	طبقة‮ \ ...‬ات	etage, ‬verdieping, ‬niveau (‬19)‬
19	طِينٌ	طين	klei (‬19)‬
19	عاد‮ \ ‬يعود	عاد‮ \ ‬يعود	teruggaan (‬الى tot) (‬19)‬
19	عَدُوٌّ‮ \ ‬أَعْدَاءٌ	عدو‮ \ ‬أعداء	vijand (‬19)‬
19	عُرْس	عرس	bruiloft (‬19)‬
19	عَصْرٌ‮ \ ‬عُصُورٌ	عصر‮ \ ‬عصور	tijdperk (‬19)‬
19	فَنٌّ‮ \ ‬فُنُونٌ	فن‮ \ ‬فنون	kunst (‬19)‬ zonder م en met lange eindvocalen) (‬10)‬
19	قَاعَةٌ‮ \ ...‬َاتٌ	قاعة‮ \ ...‬ات	zaal (‬19)‬
19	قتَل‮ \ ‬يقتُل	قتل‮ \ ‬يقتل	doden (‬19)‬
19	قَرْنٌ‮ \ ‬قُرُونٌ	قرن‮ \ ‬قرون	eeuw; ‬hoorn (‬19)‬
19	قِسْمٌ‮ \ ‬أَقْسَامٌ	قسم‮ \ ‬أقسام	afdeling, ‬klas (‬19)‬
19	قصَد‮ \ ‬يقصِد	قصد‮ \ ‬يقصد	afgaan (‬الى, ‬هـ of ه op). ‬streven naar (‬19)‬
19	قعَد‮ \ ‬يقعُد	قعد‮ \ ‬يقعد	gaan zitten, ‬zitten (‬19)‬
19	قُفْل‮ \ ‬أقْفَال	قفل‮ \ ‬أقفال	slot (‬19)‬
19	لَوْحَةٌ‮ ‬مِنَ‮ ‬الطِّينِ	لوحة‮ ‬من‮ ‬الطين	kleitablet (‬19)‬
19	مَخْطُوطَةٌ‮ \ ...‬َاتٌ	مخطوطة‮ \ ...‬ات	handschrift, ‬manuscript (‬19)‬
19	مَدَّ‮ \ ‬يَمُدُّ	مد‮ \ ‬يمد	uitstrekken (‬19)‬
19	مِسْمَارٌ	مسمار	spijker (‬19)‬
19	مِيلادٌ	ميلاد	geboorte (‬in tijdrekening
19	مِيلادِيٌّ	ميلادي	A.‬D., ‬Christelijke jaartelling (‬19)‬
19	نبّه	نبه	wekken; ‬instrueren (‬19)‬
19	هرَب‮ \ ‬يهرُب	هرب‮ \ ‬يهرب	vluchten (‬19)‬
19	وجَب‮ \‬يجِب	وجب‮ \‬يجب	moeten (‬على iemand, ‬هـ of أنْ iets) (‬19)‬
19	يَساَرًا‮ ‬،‮ ‬عَنِ‮ ‬اليسار	يسارا‮ ‬،‮ ‬عن‮ ‬اليسار	links. ‬aan de linkerkant (‬19)‬
19	يَسَارٌ	يسار	linkerkant (‬19)‬
19	يَمِينًا‮ ‬،‮ ‬عَنِ‮ ‬اليمِين	يمينا‮ ‬،‮ ‬عن‮ ‬اليمين	rechts, ‬aan de rechterkant (‬19)‬
19	يَمِينٌ	يمين	rechterkant (‬19)‬
20	آنٌ‮ (‬ء‮ ‬و‮ ‬ن‮)‬	آن‮ (‬ء‮ ‬و‮ ‬ن‮)‬	tijd (‬20)‬
20	أَضاف	أضاف	toevoegen (‬20)‬
20	أُمَّةٌ‮ \ ‬أُمَمٌ	أمة‮ \ ‬أمم	natie, ‬volk (‬20)‬
20	أَمِينٌ‮ \ ‬أُمَنَاءُ	أمين‮ \ ‬أمناء	secretaris, ‬betrouwbaar (‬20)‬
20	اكتشف	اكتشف	ontdekken, ‬onthullen (‬20)‬
20	اَلآنَ	الآن	nu (‬20)‬
20	اَلأمَمُ‮ ‬الْمُتَّحِدَةُ	الأمم‮ ‬المتحدة	de Verenigde Naties (‬20)‬
20	تعجّب	تعجب	zich verbazen (‬20)‬
20	تكمل	تكمل	volledig zijn, ‬compleet zijn (‬20)‬
20	جِنِّيٌ	جني	demon; ‬jinn (‬20)‬
20	حَافِلَةٌ‮ \ ...‬ات	حافلة‮ \ ...‬ات	autobus (‬20)‬
20	حبَس‮ \ ‬يحبِس	حبس‮ \ ‬يحبس	gevangennemen (‬20)‬
20	حَرَائِرُ f  ‬أَحْرَارٌ m حٌرٌّ‮ \‬	حرائر f  ‬أحرار m حر‮ \‬	nobel; ‬vrij; ‬puur (‬20)‬
20	حَرِيرٌ	حرير	zijde (‬20)‬
20	حضَر‮ \ ‬يحْضُر	حضر‮ \ ‬يحضر	aanwezig zijn (‬هـ bij), ‬bijwonen (‬هـ iets) (‬20)‬
20	خاتِم‮ \ ‬خَواتِمُ	خاتم‮ \ ‬خواتم	ring (‬20)‬
20	خالف	خالف	weerstreven, ‬tegenspreken (‬20)‬
20	دَرَى‮ \ ‬يَدْرِي	درى‮ \ ‬يدري	weten (‬20)‬
20	ذَهَبٌ	ذهب	goud (‬20)‬
20	زعَم‮ \ ‬يزعُم	زعم‮ \ ‬يزعم	aanemen, ‬beweren (‬20)‬
20	صاحِب‮ \ ‬أَصْحاب	صاحب‮ \ ‬أصحاب	vriend; ‬eigenaar (‬20)‬
20	عَامٌ‮ \ ‬أَعْوَامٌ	عام‮ \ ‬أعوام	jaar (‬20)‬
20	عَامٌّ	عام	algemeen; ‬openbaar (‬20)‬
20	عَجَبًا‮!‬	عجبا‮!‬	merkwaardig! (‬20)‬
20	عَجَبٌ	عجب	verbazing (‬20)‬
20	قَدْر	قدر	voorbeschikking (‬20)‬
20	قَضاء	قضاء	lot, ‬oordeel (‬20)‬
20	قفَل‮ \ ‬يقفِل	قفل‮ \ ‬يقفل	sluiten (‬20)‬
20	كِيس	كيس	zak (‬20)‬
20	لا‮ ‬عَجَبَ‮!‬	لا‮ ‬عجب‮!‬	geen wonder! (‬20)‬
20	مُخْتَلِف	مختلف	verschillend (‬20)‬
20	مُنْصَان	منصان	kuis, ‬deugdzaam (‬20)‬
20	منَع‮ \ ‬يمنَع	منع‮ \ ‬يمنع	stoppen, ‬tegenhouden, ‬verhinderen (‬20)‬
20	ناول	ناول	overhandigen (‬بـ iets,‬ه of لـ aan) (‬20)‬
20	نِظَامٌ	نظام	systeem (‬20)‬
20	وَهَا	وها	en zie (‬20)‬
21	أَبَدًا	أبدا	altijd (‬met ontkenning
21	أَدِيبٌ	أديب	welopgevoed, ‬welonderlegd (‬21)‬
21	أَصْبَحَ‮ ‬الصَّبَاحُ	أصبح‮ ‬الصباح	het werd ochtend (‬21)‬
21	أقسم	أقسم	zweren (‬21)‬
21	أَمِير‮ \ ‬أُمَراءُ	أمير‮ \ ‬أمراء	prins (‬21)‬
21	أوهب	أوهب	schenkingen doen (‬21)‬
21	إِمَّا‮ ... ‬إِمَّا	إما‮ ... ‬إما	hetzij ... ‬hetzij (‬21)‬
21	استغفر	استغفر	om hulp vragen (‬21)‬
21	بَدَالَ	بدال	in plaats van (‬met genitief) (‬21)‬
21	تاجِر‮ \ ‬تُجّار	تاجر‮ \ ‬تجار	handelaar (‬21)‬
21	ثَوْرٌ‮ \ ‬ثِيرَانٌ	ثور‮ \ ‬ثيران	stier, ‬os (‬21)‬
21	جُنْد‮ \ ‬أَجْناد	جند‮ \ ‬أجناد	leger, ‬soldaten (‬جُنْدِيّ soldaat) (‬21)‬
21	حفِظ‮ \ ‬يحفَظ	حفظ‮ \ ‬يحفظ	van buiten kennen; ‬bewaren (‬21)‬
21	حِكْمَةٌ‮ \ ‬حِكَمٌ	حكمة‮ \ ‬حكم	wijsheid, ‬filosofie (‬21)‬
21	حَكِيمٌ‮ \ ‬حُكَمَاءُ	حكيم‮ \ ‬حكماء	wijze (‬21)‬
21	حِمَارٌ‮ \ ‬حَمِيرٌ	حمار‮ \ ‬حمير	ezel (‬21)‬
21	خالِق	خالق	schepper (‬21)‬
21	خشي‮ \ ‬يخشى	خشي‮ \ ‬يخشى	vrezen (‬21)‬
21	خطَب‮ \ ‬يخطُب	خطب‮ \ ‬يخطب	de hand vragen (‬ه van, ‬لـ uit naam van) (‬21)‬
21	خَلْقٌ	خلق	schepping, ‬mensheid (‬21)‬
21	دَعْوة‮ \ ‬دَعَوات	دعوة‮ \ ‬دعوات	oproep; ‬gebed, ‬smeekbede (‬21)‬
21	ذِكْر	ذكر	vermelding (‬21); ‬in het Soefisme
21	زَرَّاعٌ	زراع	landbouwer (‬21)‬
21	زوّج	زوج	doen huwen, ‬uithuwen (‬21)‬
21	سلِم‮ \ ‬يسلَم	سلم‮ \ ‬يسلم	veilig zijn (‬من voor) (‬21)‬
21	سَماء‮ \ ‬سَماوات	سماء‮ \ ‬سماوات	hemel (‬21)‬
21	شَرّ	شر	kwaad, ‬ramp (‬21)‬
21	شِعْرٌ‮ \ ‬أَشْعَارٌ	شعر‮ \ ‬أشعار	gedicht, ‬poëzie (‬21)‬
21	شكا‮ \ ‬يشكو	شكا‮ \ ‬يشكو	klagen (‬إلى bij) (‬21)‬ is) (‬9)‬
21	طالع	طالع	lezen, ‬studeren (‬21)‬
21	طُولٌ	طول	lengte (‬21)‬
21	عامّة	عامة	massa, ‬volk (‬21)‬
21	فَنِيَ‮ \ ‬يَفْنَى	فني‮ \ ‬يفنى	omkomen, ‬verdwijnen (‬21)‬
21	قَوْلٌ‮ \ ‬أَقْوَالٌ	قول‮ \ ‬أقوال	uitspraak, ‬uitlating (‬21)‬
21	لَبِيبٌ	لبيب	intelligent (‬21)‬
21	مال‮ \ ‬أَمْوال	مال‮ \ ‬أموال	bezit, ‬geld (‬21)‬
21	مَثَلٌ	مثل	spreekwoord, ‬voorbeeld (‬21)‬
21	مُصَنَّفٌ‮ \ ‬ات	مصنف‮ \ ‬ات	literair werk (‬21)‬
21	نَهَى‮ \ ‬يَنْهَي	نهى‮ \ ‬ينهي	verbieden (‬21)‬
21	هَدِيّة‮ \ ‬هَدَايَا	هدية‮ \ ‬هدايا	cadeau (‬21)‬
21	هلَك‮ \ ‬يهلِك	هلك‮ \ ‬يهلك	omkomen (‬21)‬
21	والِدة‮ \ ...‬َات	والدة‮ \ ...‬ات	moeder (‬21)‬
21	وَاللّهِ	والله	Bij God! (‬bij eden en zweren) (‬21)‬
21	ودّع	ودع	vaarwel zeggen (‬21)‬
22	أعلم	أعلم	laten weten (‬22)‬
22	ألقى	ألقى	gooien, ‬werpen (‬22)‬ (‬الى naar) (‬28, $‬29)‬
22	ألقى‮ ‬كَلِمَةً	ألقى‮ ‬كلمة	een toespraak houden (‬22)‬
22	اِئْتَمَرَ	ائتمر	overleggen, ‬advies nemen (‬بـ over) (‬22)‬
22	استراح	استراح	uitrusten, ‬ontspannen (‬22)‬ gaan, (‬met imperfectum) ‬beginnen (‬11, ‬25)‬
22	اِقْتِرَاحٌ‮ \ ‬ات	اقتراح‮ \ ‬ات	voorstel (‬22)‬
22	بَرْنَامَجٌ‮ \ ‬بَرَامِجُ	برنامج‮ \ ‬برامج	programma (‬22)‬
22	تأخر	تأخر	aarzelen; ‬laat zijn (‬22)‬ (‬voor waar) ‬aannemen (‬13, $‬25)‬
22	تَـأْمِينٌ	تـأمين	verzekering (‬22)‬
22	تَدْبِيرٌ	تدبير	planning, ‬organisatie, ‬regeling (‬22)‬
22	تيقّن	تيقن	overtuigd zijn (‬هـ van) (‬22)‬
22	جِنْسٌ‮ \ ‬أَجْنَاسٌ	جنس‮ \ ‬أجناس	soort, ‬ras (‬22)‬
22	حَفْلَةٌ‮\ ‬ات	حفلة‮\ ‬ات	feest, ‬festiviteit (‬22)‬
22	حَفْلَةُ‮ ‬الاِسْتِقْبَالِ	حفلة‮ ‬الاستقبال	receptie (‬22)‬
22	حِكَايَةٌ‮ \ ‬ات	حكاية‮ \ ‬ات	verhaal (‬22)‬
22	حمِد‮ \ ‬يحمَد	حمد‮ \ ‬يحمد	prijzen (‬22)‬
22	حَيَوَانٌ‮ \ ‬حَيَوَانَاتٌ	حيوان‮ \ ‬حيوانات	dier (‬coll.) (‬22)‬
22	دَارٌ‮ \ ‬دُورٌ‮ ‬،‮ ‬دِيَارٌ	دار‮ \ ‬دور‮ ‬،‮ ‬ديار	huis (‬22)‬
22	رافق	رافق	begeleiden (‬22)‬
22	ربَط‮ \ ‬يربُِط	ربط‮ \ ‬يربط	vastbinden (‬22)‬
22	رُوحٌ‮ \ ‬أَرْوَاحٌ	روح‮ \ ‬أرواح	levensadem, ‬ziel; ‬zelf (‬22)‬
22	شَرِكَةٌ‮ \ ‬ات	شركة‮ \ ‬ات	bedrijf, ‬firma (‬22)‬
22	فسّر	فسر	uitleggen (‬22)‬
22	قبِل‮ \ ‬يقبَل	قبل‮ \ ‬يقبل	aanvaarden (‬22)‬
22	قِصّةٌ‮ \ ‬قِصَصٌ	قصة‮ \ ‬قصص	verhaal (‬22)‬
22	كَلِمَةٌ‮ \ ‬ات	كلمة‮ \ ‬ات	woord (‬22)‬
22	لِسَانٌ‮ \ ‬أَلْسِنَةٌ	لسان‮ \ ‬ألسنة	taal, ‬tong (‬22)‬
22	مُؤْتَمَرٌ‮ \ ‬ات	مؤتمر‮ \ ‬ات	conferentie (‬22)‬
22	مَبْلَغٌ	مبلغ	bedrag (‬22)‬
22	مِثْلَ‮ (‬مَا‮)‬	مثل‮ (‬ما‮)‬	zoals (‬dat wat) (‬22)‬
22	نهَض‮ \‬ينهَض	نهض‮ \‬ينهض	opstaan (‬22)‬
22	وَثىقَةٌ‮ \ ‬وَثَائقُ	وثىقة‮ \ ‬وثائق	document (‬22)‬
22	وصَف‮ \ ‬يصِف	وصف‮ \ ‬يصف	beschrijven (‬22)‬
22	وَصِيَّةٌ‮ \ ‬وَصَايَا	وصية‮ \ ‬وصايا	raad, ‬aanwijzing; ‬testament (‬22)‬
23	أُسْتَاذٌ‮ \ ‬أَسَاتِذَةٌ	أستاذ‮ \ ‬أساتذة	meester; ‬professor (‬23)‬ op i) (‬7)‬
23	أعاد	أعاد	herhalen; ‬doen terugkeren, ‬terugvoeren (‬23)‬
23	أوضح	أوضح	duidelijk maken (‬هـ iets,‬لـ aan) (‬23)‬
23	احتاج	احتاج	nodig hebben (‬23)‬
23	اسْتيقظ	استيقظ	wakker zijn, ‬wakker worden (‬23)‬
23	الأحَدُ‮ ‬،‮ ‬يَوْمُ‮ ‬الأحَدِ	الأحد‮ ‬،‮ ‬يوم‮ ‬الأحد	zondag (‬23)‬
23	اَلأرْبَعَاءُ‮ ‬،‮ ‬الأرْبِعَاءُ‮ ‬،‮ ‬يَوْمُ‮ ‬الـ	الأربعاء‮ ‬،‮ ‬الأربعاء‮ ‬،‮ ‬يوم‮ ‬الـ	woensdag (‬23)‬
23	الاِثْنَيْنِ‮ ‬،‮ ‬يَوْمُ‮ ‬الـ	الاثنين‮ ‬،‮ ‬يوم‮ ‬الـ	maandag (‬23)‬
23	اَلثَّلاثَاءُ‮ ‬،‮ ‬يَوْمُ‮ ‬الـ	الثلاثاء‮ ‬،‮ ‬يوم‮ ‬الـ	dinsdag (‬23)‬
23	الْجُمْعَةُ‮ ‬،‮ ‬يَوْمُ‮ ‬الـ	الجمعة‮ ‬،‮ ‬يوم‮ ‬الـ	vrijdag (‬23)‬
23	الْخَمِيسُ‮ ‬،‮ ‬يَوْمُ‮ ‬الـ	الخميس‮ ‬،‮ ‬يوم‮ ‬الـ	donderdag (‬23)‬ in de accusatief enkelvoud onbepaald (‬9)‬
23	السَّبْتُ‮ ‬،‮ ‬يَوْمُ‮ ‬الـ	السبت‮ ‬،‮ ‬يوم‮ ‬الـ	zaterdag (‬23)‬
23	انتبه	انتبه	wakker zijn, ‬wakker worden (‬23)‬
23	بكى‮ \ ‬يبكي	بكى‮ \ ‬يبكي	huilen (‬23)‬
23	تعِب‮ \ ‬يتعَب	تعب‮ \ ‬يتعب	moe zijn, ‬moe worden (‬23)‬
23	خَلاصٌ	خلاص	bevrijding (‬23)‬
23	ذَاتٌ	ذات	zelf (‬23)‬
23	سُنَّةٌ‮ \ ‬سُنَنٌ	سنة‮ \ ‬سنن	gebruikelijke praktijk (‬23)‬
23	سَهَرٌ	سهر	slapeloosheid, ‬wake (‬23)‬
23	صبَر‮ \ ‬يصبِر	صبر‮ \ ‬يصبر	geduldig zijn (‬23)‬
23	قبّل	قبل	kussen (‬23)‬
23	لاعب	لاعب	spelen (‬بـ met), ‬dartelen (‬بـ met) (‬23)‬
23	مِنْ‮ ‬وَرَاءِ	من‮ ‬وراء	van achter (‬23)‬
23	مَوْلًى‮ \ ‬مَوَالٍ	مولى‮ \ ‬موال	meester, ‬heer, ‬beschermer (‬23)‬
23	نَجَاةٌ	نجاة	redding (‬23)‬
23	هكَذَا	هكذا	zó (‬23)‬
23	وَرَاءَ	وراء	achter (‬23, $‬28)‬
24	أحسّ	أحس	voelen, ‬merken (‬بـ iets) (‬24)‬
24	أَخيرًا	أخيرا	uiteindelijk; ‬ten slotte (‬24)‬
24	أسفل	أسفل	elatief van سافِل laag (‬24)‬
24	أُغْنِية	أغنية	lied (‬24)‬
24	استدلّ	استدل	informatie inwinnen; ‬geleid worden (‬24)‬
24	استغراب	استغراب	verbazing, ‬verwondering (‬24)‬
24	اقتنع	اقتنع	tevreden zijn (‬بـ met); ‬overtuigd zijn (‬24, $‬29)‬
24	الإِمْكَان	الإمكان	het mogelijke (‬24)‬
24	باسم	باسم	glimlachend (‬24)‬
24	بال	بال	gedachten, ‬geest, ‬hart; ‬attentie (‬24)‬
24	بَدْلة	بدلة	pak, ‬costuum (‬24)‬
24	بَيّاع	بياع	verkoper (‬24)‬
24	تِجاريّ	تجاري	handels- (‬24)‬
24	تساءل	تساءل	zich afvragen (‬24)‬
24	تلا‮ \ ‬يَتْلُو	تلا‮ \ ‬يتلو	volgen (‬24)‬
24	ثمين	ثمين	kostbaar (‬24)‬
24	جِلْدِيّ	جلدي	lederen, ‬leren (‬24)‬
24	حَدّ‮ \ ‬حُدود	حد‮ \ ‬حدود	grens (‬24)‬
24	حَسْناءُ‮ \ ‬حِسان	حسناء‮ \ ‬حسان	knap (‬alléén f.) (‬24)‬
24	حلّ‮ \ ‬يَحُِلُّ	حل‮ \ ‬يحل	neerkomen (‬بـ op); ‬zich vestigen (‬24)‬
24	خان	خان	karavaanserail (‬24)‬
24	خطَر‮ \ ‬يخطُِر	خطر‮ \ ‬يخطر	opkomen (‬لـ in iemand) (‬24)‬
24	داء‮ \ ‬أَدْواء	داء‮ \ ‬أدواء	ziekte (‬د‮ ‬و‮ ‬ء) (‬24)‬
24	دخّن	دخن	roken (‬24)‬
24	دَفْتَر‮ ‬التليفون	دفتر‮ ‬التليفون	telefoonboek (‬24)‬
24	ذكَر‮ \ ‬يذكُر	ذكر‮ \ ‬يذكر	zich herinneren (‬24)‬
24	رائِحة	رائحة	geur; ‬parfum (‬24)‬
24	رَغْمَ	رغم	ondanks (‬24, $‬25)‬
24	رمَق‮ \ ‬يرمُق	رمق‮ \ ‬يرمق	bekijken; ‬aankijken (‬24)‬
24	زَبون	زبون	klant (‬24)‬
24	زَهْرة‮ \ ‬أَزْهار	زهرة‮ \ ‬أزهار	bloem (‬24)‬
24	سَبيل‮ \ ‬سُبُل	سبيل‮ \ ‬سبل	weg (‬24)‬
24	سَجادة	سجادة	tapijt (‬24)‬
24	سِحْر	سحر	magie (‬24)‬
24	شَرْعِيّ	شرعي	wettelijk; ‬shar‮#‬<‬a- (‬24)‬
24	شكّ‮ \ ‬يَشُكُّ	شك‮ \ ‬يشك	twijfelen (‬في aan) (‬24)‬
24	صادِق	صادق	waar, ‬waarachtig, ‬echt (‬24)‬
24	ضِيق	ضيق	benauwdheid (‬24)‬
24	طِفْلٌ‮ \ ‬أَطْفال	طفل‮ \ ‬أطفال	kind (‬24)‬
24	عَصْريّ	عصري	modern (‬24)‬
24	على‮ ‬أَثَرِ	على‮ ‬أثر	onmiddellijk na, ‬in de voetsporen van (‬24)‬
24	عَناء	عناء	moeite (‬ع‮ ‬ن‮ ‬ي) (‬24)‬
24	عَهْد	عهد	tijd, ‬tijdperk; ‬pact (‬24)‬
24	فَهْم	فهم	begrip, ‬begrijpen (‬24)‬
24	قَدَم	قدم	voet (‬24)‬
24	كَـأَنَّمَا	كـأنما	alsof (‬leidt verbale zin in) (‬24, $‬28)‬
24	كَرامة‮ \ ...‬ات	كرامة‮ \ ...‬ات	nobelheid, ‬aanzien; ‬wonder (‬24)‬
24	مات‮ \ ‬يموت	مات‮ \ ‬يموت	sterven (‬24)‬
24	مَتاعِبُ	متاعب	moeilijkheden, ‬narigheden (‬24)‬
24	مُحاماة	محاماة	advocatuur (‬24)‬
24	مخدّر	مخدر	verdovend (‬24)‬
24	مَقْعَد‮ \ ‬مقاعِدُ	مقعد‮ \ ‬مقاعد	zetel, ‬leunstoel (‬24)‬
24	مَيْدان‮ ‬،‮ ‬مِيدان	ميدان‮ ‬،‮ ‬ميدان	plein (‬24)‬
24	نَظْرَة	نظرة	blik (‬24)‬
24	نَعْل‮ \ ‬نِعال	نعل‮ \ ‬نعال	sandaal, ‬schoen (‬24)‬
24	نَفَقة‮ \ ...‬ات	نفقة‮ \ ...‬ات	uitgave, ‬onkosten (‬24)‬
24	وَلِيٌّ‮ \ ‬أَوْلِياء	ولي‮ \ ‬أولياء	heilige; ‬Godsvriend; ‬voogd (‬24)‬
24	يَـأْس	يـأس	wanhoop (‬24)‬ personen) (‬8)‬
25	أَثَرِيّ	أثري	antiek (‬25)‬ monumenten) (‬19)‬
25	أصبر	أصبر	geduldig zijn; ‬verdragen (‬على iets) (‬25)‬
25	أَمَل‮ \ ‬آمال	أمل‮ \ ‬آمال	hoop (‬25, $‬28)‬
25	أيقن‮ \ ‬يُوقِنُ	أيقن‮ \ ‬يوقن	zeker weten, ‬overtuigd zijn (‬بـ van) (‬25, $‬28)‬
25	إِنْهَاء	إنهاء	beëindigen (‬25)‬
25	اتّضح	اتضح	duidelijk zijn, ‬worden (‬25)‬
25	اعتذر	اعتذر	zich verontschuldigen (‬25, $‬28)‬
25	اعتزام	اعتزام	besluit (‬هـ tot) (‬25)‬
25	انتظر	انتظر	wachten (‬ه ,‬هـ op) (‬25, $‬28)‬
25	انصرف	انصرف	heengaan, ‬weggaan (‬25)‬
25	بعَث‮ \ ‬يبعَث	بعث‮ \ ‬يبعث	zenden; ‬oproepen, ‬opwekken (‬25)‬
25	تحرّك	تحرك	zich bewegen, ‬in beweging komen (‬25)‬
25	جِلْباب‮ \ ‬جَلابيبُ	جلباب‮ \ ‬جلابيب	jelaba (‬25)‬
25	جهِل‮ \ ‬يجهَل	جهل‮ \ ‬يجهل	niet weten (‬25)‬
25	حِراسة	حراسة	bewaking, ‬toezicht (‬25)‬
25	حَقًّا	حقا	werkelijk, ‬inderdaad (‬25)‬
25	حَوْش‮ \ ‬أَحْواش	حوش‮ \ ‬أحواش	binnenplaats (‬25)‬
25	دُكّان‮ \ ‬دَكاكينُ	دكان‮ \ ‬دكاكين	winkel (‬25)‬
25	دهِش‮ \ ‬يدهَش	دهش‮ \ ‬يدهش	zich verbazen (‬25)‬
25	ذِكْرَى	ذكرى	herinnering (‬25)‬ brengen) (‬26)‬
25	رُبْع	ربع	kwart, ‬kwartier (‬25)‬
25	ساق‮ \ ‬يسوق	ساق‮ \ ‬يسوق	drijven; ‬besturen (‬25)‬
25	صالح	صالح	deugdelijk, ‬geschikt (‬25)‬
25	صُوفِيّ	صوفي	sufi- (‬25)‬
25	طَمْـأَنَ‮ \ ‬يُطَمْئِنُ	طمـأن‮ \ ‬يطمئن	geruststellen (‬25)‬
25	عِبارةً‮ ‬عَن	عبارة‮ ‬عن	bestaande uit, ‬neerkomend op (‬25)‬
25	عرَض‮ \ ‬يعرِض	عرض‮ \ ‬يعرض	tonen, ‬voorleggen (‬على aan) (‬25)‬
25	على‮ ‬قيد‮ ‬الحَياة	على‮ ‬قيد‮ ‬الحياة	in leven (‬25)‬
25	فَضِيلة‮ \ ‬فَضائِلُ	فضيلة‮ \ ‬فضائل	deugd, ‬verdienste; ‬excellentie (‬25)‬
25	فَضيلتكم	فضيلتكم	uwe excellentie (‬25)‬
25	فقِد‮ \ ‬يفقَد	فقد‮ \ ‬يفقد	verliezen (‬25)‬
25	فِكْرة‮ \ ‬فِكَر	فكرة‮ \ ‬فكر	gedachte, ‬idee (‬25)‬
25	فكّر	فكر	denken (‬في aan) (‬25)‬
25	قابل	قابل	ontmoeten (‬25)‬
25	قاْعِدة‮ \ ‬قَواعِدُ	قاعدة‮ \ ‬قواعد	basis; ‬voorschrift, ‬regel; ‬formule (‬25)‬
25	قَيْد‮ \ ‬قُيُود	قيد‮ \ ‬قيود	keten (‬25)‬
25	كَتِف‮ ‬،‮ ‬كَتْف‮ ‬،‮ ‬كِتْف‮ \ ‬أَككْتاف	كتف‮ ‬،‮ ‬كتف‮ ‬،‮ ‬كتف‮ \ ‬أككتاف	schouder, ‬schouderblad (‬25)‬
25	لَهْجة‮ \ ‬لَهَجات	لهجة‮ \ ‬لهجات	toon, ‬dialect (‬25)‬
25	مَجِيء	مجيء	komst (‬25)‬
25	مَحَلّ	محل	plaats; ‬winkel (‬25)‬ op i) (‬7)‬
25	مَدْخَل	مدخل	ingang (‬25)‬
25	مَدًى	مدى	bereik, ‬uiterste (‬25)‬
25	مَزْبَلة‮ ‬،‮ ‬مَزْبُلة‮ \ ‬مَزابِلُ	مزبلة‮ ‬،‮ ‬مزبلة‮ \ ‬مزابل	mesthoop, ‬vuilnisvat (‬25)‬
25	مَطْلَب‮ \ ‬مَطالِبُ	مطلب‮ \ ‬مطالب	verzoek, ‬wens (‬25)‬
25	مَعًا	معا	samen, ‬gezamelijk (‬25)‬
25	مُعْجِزة	معجزة	wonder (‬25)‬
25	مُقَدِّمة	مقدمة	inleiding (‬25)‬
25	مَكان	مكان	plaats (‬25)‬
25	مَوْقِف‮ \ ‬مَواقِف	موقف‮ \ ‬مواقف	standpunt, ‬positie (‬25, $‬29)‬
25	نصَح‮ \ ‬ينصَح	نصح‮ \ ‬ينصح	aanraden (‬25)‬
25	نعَت‮ \ ‬ينعَت	نعت‮ \ ‬ينعت	beschrijven, ‬karakteriseren (‬25)‬
25	هَزَّ‮ \ ‬يهُزُّ	هز‮ \ ‬يهز	schudden, (‬schouders) ‬ophalen (‬25, $‬28)‬
25	يائِس	يائس	wanhopig (‬25)‬
26	أدرك	أدرك	begrijpen; ‬bereiken, ‬overvallen (‬26)‬
26	إِعْجَاب	إعجاب	bewondering; ‬genoegen; ‬trots (‬26)‬
26	إلْهام	إلهام	inspiratie (‬26)‬
26	اِحْتِرام	احترام	eerbied (‬26)‬
26	اختفى	اختفى	zich verbergen, ‬verdwijnen (‬26, $‬29)‬
26	استحقّ	استحق	verdienen (‬26)‬ correct (‬15, $‬23, $‬29)‬
26	استعان‮ (‬ع‮ ‬و‮ ‬ن‮)‬	استعان‮ (‬ع‮ ‬و‮ ‬ن‮)‬	te hulp roepen (‬26)‬
26	انقطع	انقطع	afgesneden worden (‬26)‬
26	بِفَضْلِ	بفضل	dankzij (‬26)‬ vragen om iets (‬f. ‬مِنْ‮ ‬فَضْلِكِ) (‬3)‬
26	تَيّار	تيار	stroom; ‬elektrische stroom (‬26)‬
26	جِدار	جدار	muur, ‬wand (‬26, $‬28)‬
26	جعَل‮ \ ‬يجعَل	جعل‮ \ ‬يجعل	maken; ‬met impf. ‬beginnen te (‬26)‬
26	جَمال	جمال	schoonheid (‬26)‬
26	حَلْقة‮ \ ‬حَلَقات	حلقة‮ \ ‬حلقات	kring, ‬ring (‬26)‬
26	حَيّ	حي	levend (‬26)‬
26	خُذْ‮ ‬بالَكَ‮ ‬مِنْ‮ ... !‬	خذ‮ ‬بالك‮ ‬من‮ ... !‬	let op ... ! (‬26)‬
26	خَطّاط	خطاط	kalligraaf (‬26)‬
26	خَيْر	خير	goed, ‬beter (‬مِن dan), ‬best (‬met genitief) (‬26)‬
26	دقّ‮ \ ‬يدُقّ	دق‮ \ ‬يدق	kloppen, ‬slaan, ‬rinkelen (‬26)‬
26	دُونَ‮ ‬جَدْوًى	دون‮ ‬جدوى	vruchteloos, ‬tevergeefs (‬26)‬
26	ذَوْق	ذوق	smaak (‬26)‬
26	رَبٌّ	رب	heer, ‬Heer (‬26)‬
26	رُبَّما	ربما	mischien, ‬wellicht (‬26)‬
26	رَسْم	رسم	tekening (‬26)‬
26	رسَم‮ \ ‬يرسُم	رسم‮ \ ‬يرسم	tekenen (‬26)‬
26	زاوِيَة‮ \ ‬زَوايا	زاوية‮ \ ‬زوايا	zءwiya (‬26)‬
26	زُقاق‮ \ ‬أَزِقّة	زقاق‮ \ ‬أزقة	steeg (‬26)‬
26	سابق	سابق	voorafgaand (‬26)‬
26	سُرْعة	سرعة	snelheid (‬26)‬
26	سِنّ‮ \ ‬أَسْنان	سن‮ \ ‬أسنان	tand (‬26)‬
26	شاغِل‮ \ ‬شَواغِلُ	شاغل‮ \ ‬شواغل	bezigheid, ‬beslommering (‬26)‬
26	شامل	شامل	omvattend (‬26)‬
26	شغَل‮ \ ‬يشغَل	شغل‮ \ ‬يشغل	bezighouden; ‬afhouden (‬عَن van) (‬26)‬
26	شفى‮ \ ‬يشفي	شفى‮ \ ‬يشفي	genezen (‬26)‬
26	ظاهِر	ظاهر	duidelijk, ‬helder, ‬zichtbaar (‬26)‬
26	عِطْر	عطر	parfum (‬26)‬
26	علا‮ \ ‬يعلو	علا‮ \ ‬يعلو	hoog zijn; ‬overtreffen (‬26)‬
26	على‮ ‬عِلْمٍ‮ ‬بِـ	على‮ ‬علم‮ ‬بـ	op de hoogte van (‬26)‬
26	عَمِيق	عميق	diep (‬26)‬
26	عِناية	عناية	zorg (‬26)‬
26	عَوْن	عون	hulp (‬26)‬
26	فِضّيّ	فضي	zilveren (‬26)‬
26	فِي‮ ‬الْوَاقِعِ	في‮ ‬الواقع	in feite (‬26)‬
26	كَمَا	كما	zoals (‬26)‬
26	لُطْف	لطف	vriendelijkheid (‬26)‬
26	لَعَلَّ	لعل	mischien (‬onderwerp in accusatief) (‬26)‬
26	لَوْحة‮ \ ...‬ات	لوحة‮ \ ...‬ات	plaat, ‬paneel, ‬bord (‬26)‬
26	لَوْم	لوم	blaam (‬26)‬
26	مبروك	مبروك	proficiat, ‬gefeliciteerd (‬26)‬
26	متعجب	متعجب	verbaasd (‬26)‬
26	متوقّع	متوقع	verwacht (‬26)‬
26	مُرْشِد	مرشد	gids (‬26)‬
26	مَسْكَن‮ \ ‬مَساكِنُ	مسكن‮ \ ‬مساكن	woning (‬26)‬
26	مَلَكوت	ملكوت	rijk, ‬koninkrijk (‬26)‬
26	مَلِيء	مليء	gevuld (‬26)‬
26	مِنْ‮ ‬قَبْلُ	من‮ ‬قبل	eerder, ‬voorheen (‬26)‬
26	ميّز	ميز	onderscheiden (‬26)‬
27	أخبر	أخبر	verwittigen, ‬berichten (‬27)‬
27	أدار	أدار	laten rondgaan; ‬doen draaien (‬27)‬
27	أَلَهُ‮ ‬فِي‮ ... ‬؟	أله‮ ‬في‮ ... ‬؟	heeft hij verstand van ... ? (‬27)‬
27	أمسك	أمسك	pakken (‬27)‬
27	أنِس‮ \ ‬يأنَس	أنس‮ \ ‬يأنس	waarnemen (‬27)‬
27	أوصل	أوصل	voortzetten; ‬geleiden (‬27, ‬28)‬
27	أَيَّما	أيما	hoezeer (‬أَيَّ‮ ‬مَا) (‬27)‬
27	إشارة	إشارة	teken, ‬wenk, ‬gebaar (‬27)‬
27	استسلم	استسلم	zich overgeven (‬لِـ aan) (‬27)‬
27	اكتمل	اكتمل	voltooid zijn/‬worden (‬27)‬
27	تمتّع	تمتع	genieten (‬بِـ iets) (‬27)‬ volgt in de genitief enkelvoud) (‬9)‬
27	تناول	تناول	pakken, ‬ter hand nemen (‬27)‬
27	تُهْمة	تهمة	beschuldiging, ‬verdenking (‬27)‬
27	جَنْبة‮ \ ...‬ات	جنبة‮ \ ...‬ات	zijde, ‬zijkant (‬27)‬
27	جَنْب	جنب	zijkant (‬27)‬
27	حَالَمَا	حالما	zodra (‬27)‬
27	حَلاوة	حلاوة	zoetheid (‬27)‬
27	حِين‮ \ ‬أَحْيان	حين‮ \ ‬أحيان	tijd (‬27, $‬28)‬
27	حِينًا‮ ... ‬حِينًا	حينا‮ ... ‬حينا	nu eens ... ‬dan weer (‬27)‬
27	خاطب	خاطب	toespreken (‬27)‬
27	خِبْرة	خبرة	ervaring (‬27)‬
27	خجِل‮ \ ‬يخجَل	خجل‮ \ ‬يخجل	zich schamen (‬27)‬
27	خَدّ	خد	wang (‬27)‬
27	دَجْل	دجل	zwendel, ‬bedrog (‬27)‬
27	رِيشة	ريشة	veer; ‬plectrum (‬27)‬
27	سامح	سامح	vergeven (‬27)‬
27	سَواءً‮ ... ‬أو	سواء‮ ... ‬أو	hetzij ... ‬hetzij (‬27)‬
27	شُعُور	شعور	gevoel (‬27)‬ voelen (‬ه iemand, ‬بِـ iets) (‬27)‬
27	شَهِير	شهير	beroemd (‬27)‬
27	طالَما	طالما	hoe vaak!; ‬vaak (‬27)‬
27	طرِب‮ \ ‬يطرَب	طرب‮ \ ‬يطرب	verrukt zijn (‬27)‬
27	طِوَالَ	طوال	gedurende (‬27)‬
27	عاشِق‮ \ ‬عُشّاق	عاشق‮ \ ‬عشاق	minnaar; ‬liefhebber (‬27)‬
27	عذاب	عذاب	pijn, ‬kwelling, ‬bestraffing (‬27)‬
27	عَلاج	علاج	behandeling, ‬therapie (‬27)‬
27	على‮ ‬حينِ‮ ...‬	على‮ ‬حين‮ ...‬	terwijl ... (‬27)‬
27	عُود	عود	luit; ‬hout, ‬stok (‬27)‬
27	غلَب‮ \ ‬يغلِب	غلب‮ \ ‬يغلب	overwinnen, ‬overmeesteren (‬27)‬
27	غِناء	غناء	zang (‬27)‬
27	غنّى	غنى	zingen (‬27)‬
27	قَصِيدة	قصيدة	gedicht, ‬ode, ‬qa‮'#‬da (‬27)‬
27	لُبّ	لب	hart, ‬verstand (‬27)‬
27	مبتشر	مبتشر	zich verheugend (‬بِـ over) (‬27)‬
27	مُطْرِب	مطرب	zanger (‬27)‬
27	مَكانة	مكانة	plaats, ‬positie, ‬rang (‬27)‬
27	مُنْذُ	منذ	vanaf, ‬sinds, ‬geleden (‬27)‬
27	مِن‮ ‬ضِمْنِ	من‮ ‬ضمن	ingesloten in, ‬behorend tot (‬27)‬
27	نطّق‮ ‬،‮ ‬أنطق	نطق‮ ‬،‮ ‬أنطق	laten spreken (‬27)‬
27	هَوِيَ‮ \ ‬يَهّوَى	هوي‮ \ ‬يهوى	beminnen (‬27)‬
27	واضح	واضح	duidelijk (‬27)‬
27	وثِق‮ \ ‬يثِق	وثق‮ \ ‬يثق	vertrouwen ( ‬op) (‬27)‬
27	وَجِيز	وجيز	bondig; ‬kort (‬27)‬
27	يَسِير	يسير	gering, ‬eenvoudig (‬27)‬
28	أُذُن	أذن	oor (‬28)‬
28	أعرب	أعرب	zijn uiting geven (‬عن aan) (‬28)‬
28	أفهم	أفهم	duidelijk maken (‬28)‬
28	أَوَلا	أولا	ten eerste (‬28)‬
28	إِصْبَع	إصبع	vinger (‬28)‬
28	ارتياح	ارتياح	genoegen, ‬ontspanning (‬28, $‬29)‬
28	اشتعل	اشتعل	in brand vliegen (‬28)‬
28	اقترب	اقترب	naderen (‬iets, ‬iemand) (‬28)‬
28	انكار	انكار	ontkenning (‬28)‬
28	بدا‮ \ ‬يبدو	بدا‮ \ ‬يبدو	lijken; ‬blijken (‬28)‬
28	بَشَر	بشر	mensdom (‬28)‬
28	تَمامًا	تماما	volledig, ‬geheel (‬28)‬ worden (‬21, $‬23)‬
28	توضيح	توضيح	verduidelijking, ‬uiteenzetting (‬28)‬
28	ثانِيًا	ثانيا	ten tweede (‬28)‬ op ‮#‬) (‬5)‬
28	حَاجّ	حاج	hadji, ‬hadzji (‬28)‬
28	حانة‮ (‬ح‮ ‬ي‮ ‬ن‮)‬	حانة‮ (‬ح‮ ‬ي‮ ‬ن‮)‬	kroeg, ‬bar (‬28)‬
28	حِيالَ	حيال	tegenover (‬28)‬
28	خلا‮ \ ‬يخلو	خلا‮ \ ‬يخلو	vrij zijn ( ‬van) (‬28)‬
28	خُلْق	خلق	karakter (‬28)‬
28	خَمْر	خمر	wijn (‬28)‬
28	رجا‮ \ ‬يرجو	رجا‮ \ ‬يرجو	hopen; ‬verzoeken (‬28)‬
28	ردّد	ردد	herhalen (‬28)‬ (‬16, ‬20)‬
28	رغِب‮ \ ‬يرغَب	رغب‮ \ ‬يرغب	verlangen (‬في iets) (‬28)‬
28	رقَص‮ \ ‬يرقُص	رقص‮ \ ‬يرقص	dansen (‬28)‬
28	سهِر‮ \ ‬يسهَر	سهر‮ \ ‬يسهر	de avond doorbrengen (‬28)‬
28	شَـأْن	شـأن	zaak (‬28)‬
28	شَرْط	شرط	voorwaarde (‬28)‬
28	صافَح	صافح	hand schudden (‬28)‬
28	صَفْحة	صفحة	oppervlak (‬28)‬
28	صَمْتٌ	صمت	zwijgen (‬28)‬
28	ضَحْمٌ	ضحم	enorm (‬28)‬
28	ظفِر‮ \ ‬يظفَر	ظفر‮ \ ‬يظفر	overwinnen (‬بِـ iets) (‬28)‬
28	عجَز‮ \ ‬يعجِز	عجز‮ \ ‬يعجز	niet aankunnen (‬عن iets) (‬28)‬
28	عِنْدَما	عندما	toen (‬28)‬
28	عُنْف	عنف	geweld (‬28)‬
28	فارغ	فارغ	leeg (‬28)‬
28	قاطَع	قاطع	onderbreken (‬28)‬ doorbrengen (‬13, $‬23)‬
28	كُوبة	كوبة	glas (‬28)‬
28	لِقاء	لقاء	ontmoeting (‬28)‬
28	ما‮ ‬إنْ‮ ... ‬حتّى	ما‮ ‬إن‮ ... ‬حتى	nauwelijks ... ‬of (‬28)‬
28	مائدة‮ \ ‬مَوائدُ‮ (‬م‮ ‬ي‮ ‬د‮)‬	مائدة‮ \ ‬موائد‮ (‬م‮ ‬ي‮ ‬د‮)‬	tafel (‬28)‬
28	مَبْعَد	مبعد	afstand (‬28)‬
28	مَدَّ‮ \ ‬يَوُدُّ	مد‮ \ ‬يود	strekken (‬28)‬
28	مِرْآةٌ‮ \ ‬مَرايا	مرآة‮ \ ‬مرايا	spiegel (‬28)‬ (‬عن over) (‬6, $‬22)‬
28	مستدير	مستدير	rond (‬28)‬
28	ملأ‮ \ ‬يـملأ	ملأ‮ \ ‬يـملأ	vullen (‬28)‬
28	منتصَف	منتصف	helft, ‬midden (‬28)‬
28	نادِل	نادل	kelner (‬28)‬
28	نَجْمة‮ \ ‬نُجوم	نجمة‮ \ ‬نجوم	ster (‬28)‬
28	نَفْيٌ	نفي	ontkenning (‬28)‬
28	وَإِنْ	وإن	zij het (‬28)‬
28	وُجود	وجود	aanwezigheid, ‬bestaan (‬28, $‬29)‬
29	أَحْيانًا	أحيانا	soms (‬29)‬
29	أَوَّلَ‮ ‬أَمْسِ	أول‮ ‬أمس	eergisteren (‬29)‬
29	إرادة	إرادة	wil (‬29)‬
29	اشفاق	اشفاق	medelijden (‬29)‬
29	افاد	افاد	baten (‬29)‬
29	انبغى	انبغى	moeten (‬29)‬ elkaar (‬13)‬
29	انتشر	انتشر	verspreid zijn (‬29)‬
29	اهدى	اهدى	schenken (‬29)‬ echtgenoot) (‬21)‬
29	بَحْث	بحث	zoeken (‬عن naar), ‬onderzoek (‬29)‬
29	تالٍ	تال	volgend (‬29)‬
29	تطلّع	تطلع	bekijken (‬29)‬
29	تفكير	تفكير	piekeren (‬29)‬
29	تَوافُق	توافق	overeenstemming (‬29)‬
29	ثَمَّةَ	ثمة	er is, ‬er was (‬29)‬
29	جائع	جائع	hongerig (‬29)‬
29	جَوْقة	جوقة	orkest (‬29)‬
29	حَديقة	حديقة	tuin (‬29)‬
29	حُلْم	حلم	droom (‬29)‬
29	حلَم‮ \ ‬يحلُم	حلم‮ \ ‬يحلم	dromen (‬29)‬
29	دار‮ \ ‬يدور	دار‮ \ ‬يدور	draaien (‬29)‬
29	دام‮ \ ‬يدوم	دام‮ \ ‬يدوم	duren (‬29)‬
29	ساعد	ساعد	helpen (‬على met) (‬29)‬
29	صافٍ	صاف	zuiver (‬29)‬
29	صَبْر	صبر	geduld (‬29)‬
29	طِيلةَ‮ ‬الوقت	طيلة‮ ‬الوقت	de hele tijd (‬29)‬
29	عَطْفة	عطفة	sympathie (‬29)‬
29	عَقِبَ	عقب	na (‬29)‬
29	عِقْد	عقد	halssnoer (‬29)‬
29	عُنْق	عنق	nek (‬29)‬
29	غاب‮ \ ‬يغيب	غاب‮ \ ‬يغيب	verdwijnen (‬29)‬
29	غاية‮ (‬غ‮ ‬ي‮ ‬ي‮)‬	غاية‮ (‬غ‮ ‬ي‮ ‬ي‮)‬	toppunt, ‬uiterste (‬29)‬
29	غُروب	غروب	zonsondergang (‬29)‬
29	فَتْرة	فترة	periode (‬29)‬
29	فَجْر	فجر	dageraad (‬29)‬
29	قَطْرة‮ \ ‬قَطَرات	قطرة‮ \ ‬قطرات	druppel (‬29)‬
29	قُطْن	قطن	katoen (‬29)‬
29	كَوْكَب‮ \ ‬كَواكِبُ	كوكب‮ \ ‬كواكب	ster (‬29)‬
29	كَوْن	كون	bestaan, ‬kosmos (‬29)‬
29	لبِث‮ \ ‬يلبَث	لبث‮ \ ‬يلبث	talmen (‬29)‬
29	مال‮ \ ‬يميل	مال‮ \ ‬يميل	neigen (‬29)‬
29	مبْتَلّ	مبتل	nat (‬29)‬
29	مُتْعَب	متعب	vermoeid (‬29)‬
29	محبّ	محب	liefhebber (‬29)‬
29	مِساحة‮ \ ‬ات	مساحة‮ \ ‬ات	vlak (‬29)‬
29	مستقبَل	مستقبل	toekomst (‬29)‬
29	مصاب	مصاب	getroffen; ‬ziek (‬29)‬
29	مقابلة	مقابلة	tegemoetkoming (‬29)‬
29	مِنْ‮ ‬أَجْلِ	من‮ ‬أجل	wegens (‬29)‬
29	نافورة	نافورة	fontein (‬29)‬
29	نَحْو	نحو	wijze (‬29)‬
29	نُقود	نقود	geld (‬29)‬
29	نِهائِيّ	نهائي	definitief (‬29)‬
29	هُدُوء	هدوء	kalmte, ‬rust (‬29)‬ (‬van هِجْرَةٌ ) (‬19)‬
29	هَضْبة	هضبة	heuvel (‬29)‬
29	وَعْيٌ	وعي	bewustzijn (‬29)‬
#METADATA:
#--decks immediate,daily,weekly,monthly,quarterly,yearly
#--intervals 0,1440,10080,43200,129600,518400
#--showcolumns ARABIC
#--showcolumns VOCALIZED,MEANING,LESSON
