и	and	Москва и Петербург|Moscow and St Petersburg	deck#6	due@2021-09-07 10:10:35
в (во)	(+pr) in; (+a) into, to	в Москве; в Москву|in Moscow; to Moscow	deck#6	due@2021-09-07 10:10:41
не	not	Он не в Москве|He is not in Moscow	deck#6	due@2021-09-07 10:10:42
на	(+pr) on, at; (+a) onto, to	на работе; на стол|at work; onto the table	deck#6	due@2021-09-07 10:10:43
я	I	Я говорю|I speak/am speaking/say	deck#6	due@2021-09-07 10:10:44
он	he	Он говорит|He speaks/is speaking/says	deck#5	due@2020-12-11 08:59:46
что	what, that	Я говорю, что он на работе|I say that he is at work	deck#6	due@2021-09-07 10:10:44
с (со)	(+inst) with; (+g) from, off	чай с лимоном; со стола|tea with lemon; from (off) the table	deck#5	due@2020-12-11 08:43:17
это	this, that, it	Это наш клуб; Это верно|This is our club; That’s true	deck#6	due@2021-09-07 10:10:45
быть (i) (pres: есть)	to be; there is, there are	Быть или не быть?; Есть кофе?|To be or not to be?; Is there any coffee?	deck#5	due@2020-12-11 10:10:47
а	and, but (slight contrast)	Она в Москве, а он в Петербурге|She is in Moscow, and (but) he is in St Petersburg	deck#6	due@2021-09-07 10:10:49
весь (f вся, n всё, pl все)	all	весь стол; вся Москва|the whole table; all of Moscow	deck#4	due@2020-10-12 10:10:55
они	they	Они в Москве|They are in Moscow	deck#6	due@2021-09-07 10:10:57
она	she	Она со мной|She is with me	deck#5	due@2020-12-10 22:33:04
как	how, as, like	Как он говорит? как я, как ты|How does he speak? like me, like you	deck#6	due@2021-09-07 10:10:57
мы	we	Мы были в Петербурге|We were in St Petersburg	deck#6	due@2021-09-07 10:10:58
к (ко) (+d)	towards, to	к дому; ко мне|towards the house; towards me	deck#6	due@2021-09-07 10:10:59
у (+g)	by; at (used in ‘have’ construction)	у окна; у Ивана; У Ивана есть дом|by the window; at Ivan’s house; Ivan has a house	deck#6	due@2021-09-07 10:11:02
вы	you (polite/pl)	Вы говорите|You are speaking	deck#6	due@2021-09-07 10:11:03
этот (f эта, n это, pl эти)	this	этот стол, эта книга, эти люди|this table, this book, these people	deck#5	due@2020-12-10 22:37:52
за	(+a) for; (+inst) behind	платить за водку за домом|to pay for the vodka; behind the house	deck#5	due@2020-12-10 22:40:25
тот (f та, n то, pl те)	that	тот дом; в то время; то, что …|that house; at that time; the fact that…	deck#4	due@2020-10-12 10:11:08
но	but	Но это не правда|But that’s not true	deck#4	due@2020-10-12 08:48:26
ты	you (familiar)	Ты говоришь|You are speaking	deck#6	due@2021-09-07 10:11:09
по (+d)	along; around; according to	по улице; по городу; по плану|along the street; around the town; according to	deck#2	due@2020-09-13 08:34:55
из (изо) (+g)	out of, from	из дома|out of the house	deck#6	due@2021-09-07 10:11:12
о (об/обо) (+pr)	about, concerning	Он говорит о Москве|He is speaking about Moscow	deck#5	due@2020-12-11 10:11:14
свой	one’s own	Он говорит о своей работе|He is talking about his own work	deck#4	due@2020-10-12 10:11:15
так	so	так быстро|so quickly	deck#5	due@2020-12-11 10:11:17
один (f одна, n одно)	one	один стол|one table	deck#6	due@2021-09-07 10:11:19
вот	here, there (pointing)	Вот дом|There is the house	deck#6	due@2021-09-07 10:11:20
который	which, who	девушка, которую он любит|the girl whom he loves	deck#4	due@2020-10-12 10:11:23
наш	our	наш дом|our house	deck#5	due@2020-12-11 10:11:25
только	only	У Ивана только один брат|Ivan has only one brother	deck#5	due@2020-12-10 22:32:07
ещё	still, yet	Он ещё не знает|He doesn’t know yet	deck#5	due@2020-12-11 10:11:26
от (+g)	from	письмо от Ивана|a letter from Ivan	deck#4	due@2020-10-12 10:11:33
такой	such	такой большой сад|such a large garden	deck#5	due@2020-12-10 22:38:15
мочь/с-	to be able	Я могу; Он не может говорить|I can; He can’t speak; Я смогу приехать завтра; Он не сможет ответить на ваш вопрос|I shall be able to come tomorrow; He won’t be able to answer your question	deck#4	due@2020-10-12 10:11:40
говорить/по- (с +inst)	to speak; to have a talk, talk (to)	Я могу говорить|I can speak	deck#5	due@2020-12-11 10:11:50
говорить/сказать	to say	Я сказал, что он в Москве; Скажите, пожалуйста|I said that he is in Moscow; Tell me, please	deck#4	due@2020-10-11 22:38:37
для (+g)	for	письмо для Ивана|a letter for Ivan	deck#5	due@2020-12-11 10:11:51
уже	already	Он уже знает об этом|He already knows about this	deck#5	due@2020-12-11 10:11:52
знать (i) (+a)	to know	Я знаю её|I know her	deck#5	due@2020-12-10 22:38:30
да	yes; and, but	Да, это правда; он да я|Yes, that’s true; he and I	deck#5	due@2020-12-11 08:42:24
какой	what (kind of)	Какой у Ивана дом?|What kind of house has Ivan got?	deck#2	due@2020-09-13 08:56:28
когда	when	Когда вы были в Москве?|When were you in Moscow?	deck#4	due@2020-10-11 22:38:35
другой	different, other	в другом доме|in a different (another) house	deck#5	due@2020-12-11 10:11:54
первый	first	в первом доме|in the first house	deck#5	due@2020-12-11 10:11:55
чтобы	in order to	чтобы говорить по-русски|in order to speak Russian	deck#5	due@2020-12-11 10:11:56
его	his, its	Это его книга?|Is this his book?	deck#4	due@2020-10-12 08:43:34
год	year	в этом году|this year	deck#5	due@2020-12-11 10:11:57
кто	who	Я знаю, кто он|I know who he is	deck#5	due@2020-12-11 10:11:58
дело	matter, business	Это моё дело|This is my business	deck#4	due@2020-10-12 10:12:01
нет	no; (+g) there is no	Нет работы|There is no work	deck#6	due@2021-09-07 08:58:59
её	her	Вот её дом|There’s her house	deck#5	due@2020-12-11 10:12:02
очень	very	очень большой город|a very large town	deck#5	due@2020-12-11 10:12:03
большой	large	большие города|large towns	deck#5	due@2020-12-11 10:12:04
новый	new	С Новым годом!|Happy New Year	deck#5	due@2020-12-10 22:37:58
становиться/стать (+inst)	to become; to stand; p: begin	Он стал говорить; Она стала инженером|He began to speak; She became an engineer	deck#3	due@2020-09-19 10:12:11
работа	work	Он говорит о своей работе|He is speaking about his work	deck#5	due@2020-12-11 10:12:12
сейчас	now, right now	Он сейчас в Москве|He’s in Moscow at the moment	deck#6	due@2021-09-07 10:12:13
время (n)	time	в то время; во время войны; много времени|at that time; during the war; a lot of time	deck#5	due@2020-12-11 08:47:23
человек (pl люди)	person	Она хороший человек|She is a good person	deck#5	due@2020-12-11 10:12:15
идти/пойти	to go (on foot)	Я иду по улице; Куда ты идёшь?|I am walking along the street; Where are you going?; Я пошёл домой|I went home	deck#5	due@2020-12-11 08:45:34
если	if	Если она хочет, я тоже хочу|If she wants (to), I want (to) too	deck#5	due@2020-12-11 10:12:16
два (f две)	two	два часа; две машины|two o’clock; two cars	deck#5	due@2020-12-11 10:12:17
мой	my	Вот мой дом|There is my house	deck#5	due@2020-12-11 10:12:17
жизнь (f)	life	Наша жизнь хорошая|Our life is good	deck#5	due@2020-12-11 10:12:18
до (+g)	up to; until	До свидания!|Until we meet again=Goodbye	deck#5	due@2020-12-11 10:19:41
где	where	Он знает, где мой дом|He knows where my house is	deck#6	due@2021-09-07 10:19:42
каждый	each, every	каждый день|each (every) day	deck#6	due@2021-09-07 10:19:43
самый	the very, most	самый большой дом|the biggest house	deck#4	due@2020-10-12 10:19:47
хотеть/за-	to want	Я хочу говорить по-русски; ты хочешь; Что вы хотите?|I want to speak Russian; you want; What do you want?	deck#5	due@2020-12-11 10:19:49
здесь	here	Я здесь уже два года|I have been here for two years	deck#6	due@2021-09-07 10:19:50
надо	it is necessary	Надо говорить по-русски|One must speak Russian	deck#5	due@2020-12-11 10:19:52
люди (pl)	people	Русские - хорошие люди|Russians are good people	deck#5	due@2020-12-11 10:19:54
теперь	now	Теперь надо идти|Now it is necessary to go (Now we must leave)	deck#5	due@2020-12-11 10:19:55
дом	house	из дома; дома|from the house; houses	deck#5	due@2020-12-11 10:19:56
раз	once; a time	один раз; два раза; шесть раз|once; twice; six times	deck#5	due@2020-12-11 10:19:57
день (m)	day	только один день; два дня|only one day; two days	deck#5	due@2020-12-11 10:19:58
или	or	Быть или не быть|To be or not to be	deck#6	due@2021-09-07 10:19:59
город	town, city	Они работают в этом городе|They work in this town	deck#5	due@2020-12-11 08:50:10
там	there	Жизнь там хорошая.|Life is good there	deck#6	due@2021-09-07 10:20:01
слово	word	Я скажу одно слово|I shall say one word	deck#5	due@2020-12-11 10:20:02
глаз	eye	два глаза; большие глаза|two eyes; large eyes	deck#5	due@2020-12-11 10:20:07
потом	then, next	Он был в моём доме, потом он пошёл на работу|He was in my house, then he went to work	deck#2	due@2020-09-12 22:31:13
видеть/у- (+a)	to see	Я вижу дом; Ты видишь её?|I see the house; Can you see her?	deck#5	due@2020-12-11 10:20:14
их	their	в их доме|in their house	deck#5	due@2020-12-11 10:20:15
под (+inst)	under	под домом|under the house	deck#5	due@2020-12-11 10:21:44
даже	even	Даже Иван знает это|Even Ivan knows that	deck#5	due@2020-12-11 10:21:45
думать/по-	to think	Они думают о жизни|They think about life; Она не подумала о нём|She didn’t think about him	deck#5	due@2020-12-11 10:21:47
хорошо	well; it is good	Очень хорошо!|Very good!	deck#5	due@2020-12-11 10:21:47
можно	it is possible	Можно идти?|Is it possible to go?	deck#5	due@2020-12-11 10:21:49
тут	here (like здесь)	Иван тут, в нашем доме|Ivan is here, in our house	deck#4	due@2020-10-11 22:31:46
тысяча	thousand	две тысячи слов|two thousand words	deck#3	due@2020-09-19 08:41:55
ли	whether [question word]	Знаете ли вы Ивана? Я не знаю, здесь ли он|Do you know Ivan? I don’t know whether he’s here	deck#5	due@2020-12-11 10:21:51
вода	water	водка с водой; пить воду|vodka with water; to drink water	deck#5	due@2020-12-10 22:32:27
ничто/ничего (a/g)	nothing	Ничто его не интересует; Он ничего не знает|Nothing interests him; He knows nothing	deck#5	due@2020-12-11 10:21:53
много (+g)	much, many, a lot	много работы|a lot of work	deck#6	due@2021-09-07 10:21:54
рука	hand; arm	моя рука|my hand/arm	deck#5	due@2020-12-11 10:21:56
себя	self [(a) pronoun]	к себе; с собой|towards oneself; with oneself	deck#5	due@2020-12-11 10:21:58
молодой	young	молодые люди|young people	deck#5	due@2020-12-11 10:21:59
тоже	too	Он тоже ничего не сказал|He too said nothing	deck#5	due@2020-12-11 10:22:00
спрашивать/спросить (+a о +pr)	to ask (s.o. about sth)	i Он спрашивает о войне|He asks about the war; p Я спросил его, знает ли он Ивана|I asked him whether he knew Ivan
без (+g)	without	без молока|without milk
делать/с- (+a)	to do, make	Мы ничего не делаем|We are doing nothing; Он сделал всю работу|He did all the work	deck#5	due@2020-12-11 09:01:54
три	three	три часа|three o’clock/three hours	deck#4	due@2020-10-11 22:31:36
всё	all; all the time	Он всё говорит о работе|He talks about work all the time
то	that; then	то есть; Если он здесь, то я уйду|that is (=i.e.); If he’s here, then I’ll leave
жить/по-	to live; p: live for a while	i Я хочу жить там, где она живёт|I want to live where she lives; p поживу, поживёшь, past пожил, пожила, пожило
труд	labour	с трудом|with difficulty	deck#2	due@2020-09-13 09:00:23
сам (f сама, n само, pl сами)	self	Он всё сделал сам|He did everything himself	deck#4	due@2020-10-11 22:33:43
хороший	good	Это хорошее вино|This is good wine
второй	second	второй день нового года|the second day of the New Year	deck#4	due@2020-10-12 08:59:55
через (+a)	across, via, after	через улицу; через час|across the street; in an hour’s time	deck#4	due@2020-10-11 22:36:33
место	place	Здесь нет места|There is no place/room here
после (+g)	after	После работы мы идём домой|After work we go home
страна	country	в нашей стране|in our country
двадцать	twenty	двадцать домов|twenty houses
должен (f должна, n должно, pl должны)	ought, obliged, must	Она должна идти; Мы должны быть там в десять|She must (is obliged to) go; We ought to be there at ten	deck#4	due@2020-10-11 22:39:47
больше	more	Он знает больше; больше хлеба|He knows more; more bread
ваш	your	Дом ваш|The house is yours	deck#5	due@2020-12-10 22:32:40
дверь (f)	door	за дверью|behind the door
друг (pl друзья)	friend	Мы с другом были в Москве|My friend and I were in Moscow
машина	machine; car	Мы смотрели на вашу машину|We were looking at your car
комната	room	В комнате холодно|It’s cold in the room
учиться (i)	to study	Иван учится в университете|Ivan studies at university
над (+inst)	above	над домом|above the house
голова	head	над вашей головой|above your head	deck#4	due@2020-10-11 22:38:17
почему	why	Почему вы не знаете?|Why don’t you know?	deck#5	due@2020-12-11 08:58:29
земля	earth, land	жизнь на земле|life on earth
стол	table	Он сидит за столом|He is sitting behind (at) the table
давать/дать (+a +d)	to give (sth to s.o.)	Мы даём слово, что всё сделаем|We give (our) word that we shall do everything
перед (+inst)	in front of, before	Он стоит перед домом|He is standing in front of the house	deck#4	due@2020-10-11 22:40:02
тогда	then, at that time	Он тогда работал на заводе|He worked in a factory then
сидеть/по-	to sit (p: sit for a while)	Кто сидит в комнате?|Who is sitting in the room?; p посижу, посидишь	deck#3	due@2020-09-18 22:32:58
мальчик	boy	В комнате сидят мальчики|The boys are sitting in the room
девушка	girl	К Ивану пришла девушка|A girl has come to (see) Ivan
лето (g pl лет)	summer; (after numbers) years	лётом; тысяча лет|in the summer; 1,000 years
сегодня	today	Сегодня надо работать|Today one must work
сторона	side	на этой стороне|on this side
совсем	completely	Машина совсем новая|The car is completely new
маленький	small	Они живут в маленьком доме|They live in a small house	deck#4	due@2020-10-12 08:37:49
несколько (+g)	a few, some	несколько девушек|a few girls
вдруг	suddenly	Вдруг он спросил о Сталине|Suddenly he asked about Stalin
ни	not a	ни ... ни ...; Не было ни одного|neither ... nor ...; There wasn’t a single one	deck#5	due@2020-12-11 08:42:57
лицо	face; person	Я знаю ваше лицо|I know your face	deck#4	due@2020-10-12 08:53:25
конечно	of course	Конечно нет!|Of course not!
народ	(the) people	русский народ|the Russian people	deck#2	due@2020-09-12 22:31:34
начинать/начать	to begin	Мы начинаем понимать|We are beginning to understand; Он начал говорить|He began to speak
пять	five	Он живёт здесь уже пять лет|He has been living here for five years already	deck#5	due@2020-12-11 08:38:54
ведь	you know (expecting agreement)	Ведь он мой друг!|He’s my friend, you know!	due@2020-09-11 22:36:17
вопрос	question	трудные вопросы|difficult questions
писать/на- (+a)	to write	Мальчик пишет|The boy is writing; я напишу, ты напишешь|I’ll write, you’ll write
письмо	letter	Я пишу письмо|I am writing a letter
при (+pr)	in the presence/time of; attached to	при мне; при Сталине; при заводе|in my presence; under Stalin; attached to the factory
мать (f)	mother	машина моей матери|my mother’s car
нужно	(it is) necessary	Мне нужно идти|I must go	deck#4	due@2020-10-11 22:39:51
смотреть/по-	to watch; (на +a) look (at)	Она смотрит телевизор|She is watching television; Мы посмотрим фильм; Он посмотрел на меня|We’ll watch the film; He looked at me	deck#4	due@2020-10-12 08:50:57
сила	strength, force	сила характера; демократические силы|strength of character; democratic forces
вместе	together	Мы пришли вместе|We arrived together
выходить/выйти	to go out	Она вышла из комнаты|She went out of the room; Я выхожу из дома; Ты тоже выходишь|I leave the house; You leave too
любить/по- (+a)	to like, love; p: to fall in love with	Я люблю работать; Она вас любит|I like working; She loves you; p полюблю, полюбишь
дорога	road	по дороге домой|on the road (way) home	deck#4	due@2020-10-11 22:31:59
старый	old	Она любит старые картины|She likes old pictures	deck#4	due@2020-10-11 22:32:01
улица	street	Она живёт на нашей улице|She lives in our street
решать/решить (+inf/+a)	to decide; solve	Она решила уйти; Кто решит задачу?|She decided to leave; Who will solve the problem?
книга	book	На столе лежат пять книг|There are five books on the table
всегда	always	Всегда так|It is always like that	deck#4	due@2020-10-11 22:38:35
голос	voice; vote	Голос у неё хороший|She has a good voice
значить (i)	to mean	Что это значит?|What does this mean?	deck#3	due@2020-09-18 22:31:52
сразу	at once	Она ответила сразу|She answered at once
лишь	only (=только)	Это лишь одна из причин|That’s only one of the reasons
минута	minute	Я приду через три минуты|I shall come in three minutes’ time
снова	again	Он начал снова|He began again
окно	window	Окно открыто|The window is open
бы	would (conditional particle)	Если бы она знала, она бы помогла|If she had known, she would have helped
уходить/уйти	to leave (on foot)	Вы уходите?|Are you leaving?; Он ушёл из университета|He has left the university
девятьсот	nine hundred	тысяча девятьсот пятый год|(the year) 1905	deck#2	due@2020-09-12 22:37:40
последний	last	в последней комнате|in the last room
проходить/пройти	to go through, pass (on foot)	Мы проходили мимо завода|We were walking past a factory; Пройдите в комнату! Она прошла мимо него|Go through into the room! She walked past him	due@2020-09-11 22:39:22
отец	father	Она не думает об отце|She doesn’t think about (her) father
час	hour	три часа|three hours; three o’clock	deck#4	due@2020-10-11 22:37:35
просто	simply	Они просто не знают|They simply don’t know
видеть/увидеть	to see	Я увижу её; Она увидела отца|I’ll see her; She saw her father	deck#4	due@2020-10-11 22:35:08
же	emphasizes preceding word	Как же так?; Где же она? тот же дом|But how can that be?; Where on earth is she?; the same house
третий	third	Кто живёт в третьей квартире?|Who lives in flat number 3?
потому/потому что	that is why because	Я ушёл, потому что он там|I left because he is there
никто	nobody	Никто не знает|Nobody knows	deck#5	due@2020-12-11 08:42:53
ждать/подо- (+a or g)	to wait (for)	я жду; он ждёт; Ждите ответа!|I am waiting; he is waiting; Wait for an answer! /p подожду, подождёшь	deck#3	due@2020-09-18 22:37:48
сколько (+g)	how many, how much	Сколько лет?|How many years?
высокий	high, tall	высокая девушка|a tall girl	deck#4	due@2020-10-11 22:35:07
лучше	better	Он говорит лучше, чем вы|Не speaks better than you
получать/получить (+a)	to receive, get	Ты получишь письмо завтра|You will receive the letter tomorrow	deck#3	due@2020-09-18 22:32:24
почти	almost	почти год|almost a year	deck#4	due@2020-10-11 22:33:02
лес	wood, forest	В лесу тихо|It’s quiet in the forest
конец	end	конец света; в конце года|the end of the world; at the end of the year
нога	leg/foot	Ох, мой ноги|Oh, my feet	deck#3	due@2020-09-18 22:38:14
собственный	(one’s) own	собственными глазами|with one’s own eyes
сто	hundred	сто долларов; больше ста|a hundred dollars; more than a hundred
художник	artist	молодые художники|young artists
четыре	four	четыре времени года|four seasons	deck#5	due@2020-12-11 08:56:55
пока	while	пока он здесь|while he is here
пока не	until	пока он не придёт|until he comes
слушать/по- (+a)	to listen to	Он слушает музыку|He is listening to music
путь (m)	way, journey	по пути|on the way
белый	white	белые дома|white houses
республика	republic	федеральная республика|federal republic
быстро	quickly	Мы шли быстро|We were walking quickly	deck#4	due@2020-10-12 08:50:13
куда	where (whither)	Куда они пошли?|Where have they gone?
главный	main	Вот главная улица|Here is the main street	deck#4	due@2020-10-11 22:32:26
дети (pl)	children	У них нет детей|They have no children
рассказывать/рассказать	to tell, talk (about)	i Он рассказывал о войне|He was talking about the war; p Я расскажу вам историю; Он рассказал нам о них|I’ll tell you a story; He talked about them
совет	advice; council	хороший совет|a good piece of advice	deck#3	due@2020-09-18 22:33:45
газета	newspaper	Мы читали газету|We were reading the newspaper
понимать/понять (+a)	to understand	Никто не понимает|Nobody understands; Вы меня не поняли|You haven’t understood me	deck#4	due@2020-10-12 08:45:32
пора	it is time; time, season	Пора идти|It is time to go
твой	your (familiar)	Я получил твоё письмо|I have received your letter	deck#4	due@2020-10-11 22:37:33
бывать (i)	to be (repeatedly)	Он часто бывает здесь|He is often here
находить/найти (+a)	to find	i: нахожу, находишь; Она нашла книгу?|Did she find the book?	deck#4	due@2020-10-12 08:45:04
песня	song	песня о лёте|a song about summer
имя (n)	(first) name	Как ваше имя?|What is your name? g sg имени
партия	party (political)	лидер партии|party leader
вечер	evening	летние вечера|summer evenings
опять	again	Почему вы опять здесь?|Why are you here again?
иметь (i) (+a)	to have (with non-concrete object)	иметь право что-то сделать|to have the right to do something
между (+inst)	between	между городом и лесом|between the town and the wood	deck#4	due@2020-10-12 08:46:29
настоящий	real; present	настоящий друг; настоящее время|a real friend; the present time	deck#2	due@2020-09-12 22:33:36
план	plan	Какие у вас планы?|What are your plans?
правда	truth	Он сказал правду|He told the truth	deck#4	due@2020-10-12 08:42:23
сорок	forty	сорок человек|forty people
ходить/с-	to go there and back	ходить в школу; Вчера мы ходили в кино; Я ходил по городу|to attend school; We went to the cinema yesterday; I walked round the town; p: схожу, сходишь	deck#2	due@2020-09-12 22:31:32
ходить/пo-	to walk around	ходить в школу; Вчера мы ходили в кино; Я ходил по городу|to attend school; We went to the cinema yesterday; I walked round the town	deck#4	due@2020-10-12 08:48:37
узнавать/узнать (+a)	to recognize; find out	i узнаю, узнаёшь; Я узнаю её; Мы узнали, где она живёт|I shall recognize her; We found out where she lives
поле	field	работать в поле|to work in the field
ночь (f)	night	Спокойной ночи!|Peaceful night (Goodnight)	deck#4	due@2020-10-12 08:53:24
входить/войти	to enter	Входите!|Come in!; я войду; я вошёл|I shall enter; I entered
красный	red	Красная площадь|Red Square	deck#5	due@2020-12-10 22:32:18
более	more	более интересная книга|a more interesting book	deck#4	due@2020-10-12 08:42:02
урок	lesson	уроки русского языка|Russian lessons	deck#3	due@2020-09-18 22:39:06
нельзя	it is not allowed; it is impossible	Вам нельзя курить здесь|You can’t smoke here
тело	body	части тела|parts of the body
рядом	alongside	Она сидела рядом со мной|She was sitting next to me
лежать/по-	to lie, (p) lie for a while	i Газета лежит на столе|The paper is lying on the table; p p полежу, полежишь
про (+a)	about (=о +pr) (coll)	Он слышал про эту книгу|Не has heard about this book
интересный	interesting	интересные друзья|interesting friends
никогда	never	Мы никогда не найдём их|We shall never find them
район	region	в этом районе|in this region	deck#3	due@2020-09-19 08:43:42
нужный	necessary	Всё, что нужно|Everything that is necessary	deck#2	due@2020-09-12 22:39:10
особенно	especially	особенно высокий дом|an unusually tall house	deck#2	due@2020-09-13 08:52:24
отвечать/ответить	to answer	Он отвечает на вопрос|He answers the question; Я отвечу на вопрос|I shall answer the question
начальник	head, boss	Им нельзя говорить с начальником|They can’t speak to the boss	deck#2	due@2020-09-13 08:43:04
разный	various, different	в разных странах|in various countries
тридцать	thirty	тридцать художников|thirty artists	deck#5	due@2020-12-11 08:48:09
десять	ten	в десяти республиках|in ten republics
мир	world; peace	мир во всём мире|peace in the whole world
картина	picture	книга с картинами|a book with pictures
комитет	committee	Центральный комитет|the Central Committee
мысль (f)	thought	интересная мысль|an interesting thought
гость (m)	guest	принимать гостей|to receive guests
старший	elder, senior	старший сын|elder son
вид	view, look; species	вид на море; вид спорта|sea view; type of sport
среди (+g)	among	среди друзей|among friends
случай	case, occurrence, chance	В таком случае я пойду к начальнику|In that case I shall go to the boss	deck#2	due@2020-09-13 08:41:50
народный	people’s	народная песня|folk song
помнить/вс- (+a/о +pr)	to remember	Я помню её; Ты помнишь об этом?|I remember her; Do you remember that?
просить/по- (+a +inf)	to request, ask (s.o. to do sth)	Прошу вас не курить; Он просит вас зайти|I ask you not to smoke; He asks you to call; p: попрошу, попросишь; Я попросил его войти I asked him to come in
пусть	let	Пусть идёт, если хочет|Let him go if he wants to	due@2020-09-12 08:59:35
разговор	conversation	разговор о погоде|conversation about the weather	deck#2	due@2020-09-13 08:39:19
двор	yard, court	сидеть во дворе|to sit in the yard
долго	for a long time	Она сидела долго|She sat for a long time	deck#2	due@2020-09-13 08:44:18
месяц	month; moon	три месяца; пять месяцев|3 months; 5 months
возвращаться/вернуться	to come back	p я вернусь, ты вернёшься|I’ll return, you’ll return	deck#2	due@2020-09-12 22:35:01
союз	union	профсоюз|trade union
война	war	во время войны|during the war
хотя	although	Они вернутся, хотя не хотят|They will return although they don’t want to
берег	bank, shore	на берегу; берега реки|on the shore; banks of a river	deck#3	due@2020-09-19 08:49:54
целый	whole	Он ничего не делал целый день|He did nothing all day
группа	group	Они вернулись группами|They returned in groups
скоро	soon	Я скоро вернусь|I shall come back soon
студент	student	Разговор со студентами|A talk with the students
товарищ	comrade	школьные товарищи|schoolmates	deck#4	due@2020-10-11 22:37:50
часть (f)	part	части света|parts of the world	deck#3	due@2020-09-18 22:33:19
спать/по-	to sleep	я сплю, ты спишь|I am asleep, you are asleep
полный	full	жить полной жизнью|to live a full life
сюда	here (hither)	Идите сюда!|Come here!	deck#2	due@2020-09-12 22:40:05
приезжать/приехать	to arrive (by transport)	Через два месяца он приедет в Лондон|In two months time, he will come to London
оно	it	- Где письмо? - Вот оно|- Where’s the letter? -There it is	deck#5	due@2020-12-10 22:32:52
женщина	woman	русские женщины|Russian women
собрание	meeting, collection	на собрании|at a meeting
подходить/подойти (к +d)	to approach; (+d) to suit	i: подхожу, подходишь; Она подошла к нам|She came up to us
дерево (pl деревья)	tree	деревья; много деревьев|trees; many trees
сад	garden	в нашем саду|in our garden
чуть	hardly, just	чуть видно; Он чуть не упал|barely visible; He nearly fell
бояться (i) (+g)	to fear, be afraid	Я не боюсь|I am not afraid	deck#4	due@2020-10-12 08:35:28
заниматься (i) (+inst)	to occupy oneself	заниматься языками|to study languages
папа (m)	dad; Pope	папа римский|the Pope (in Rome)
помощь (f)	help	Им нужна помощь|They need help
прошлый	past	в прошлом году|last year
прямо	directly, straight	Идите прямо!|Go straight on!
лучший	better; best	лучший друг; Всего лучшего!|best friend; All the best!
мастер	master	мастер своего дела|an expert at one’s job	deck#2	due@2020-09-13 08:57:44
секретарь (m)	secretary	секретарь директора|director’s secretary
стена	wall	стены дома|walls of a house
оказываться/оказаться (+inst)	to turn out (to be); to find oneself	Оказалось, что он уже вернулся|It turned out that he had already returned
сын (pl сыновья)	son	его сыновья; пять сыновей|his sons; five sons
брат	brother	мой братья; пять братьев|my brothers; five brothers
зачем	why, for what	Зачем он пришёл?|Why has he come?
играть/сыграть	to play	Они играют в футбол|They are playing football
институт	institute; institution	у нас в институте|at our institute
пятый	fifth	пятый автобус|No. 5 bus	deck#5	due@2020-12-11 08:47:26
раньше	earlier	Он приедет раньше нас|He will arrive before us
тихо	quiet	В саду было тихо|It was quiet in the garden
чёрный	black	чёрный хлеб|black bread	deck#4	due@2020-10-12 08:43:45
великий	great	Пётр Великий|Peter the Great	deck#3	due@2020-09-18 22:34:10
завтра	tomorrow	Завтра будет собрание|There will be a meeting tomorrow
широкий	wide	широкие улицы|wide streets	deck#2	due@2020-09-12 22:34:05
мало (+g)	few; not much	мало книг|few books
наконец	in the end	Наконец она узнала правду|In the end she learned the truth
плечо	shoulder	плечи|shoulders
разве	really	Разве он здесь?|Is he really here?
разве… не	surely	Разве вы не знаете?|Surely you know?
снег	snow	в снегу|in the snow
будущий	future (adj)	в будущем году|next year
сердце	heart	с лёгким сердцем|with a light heart	deck#3	due@2020-09-19 08:50:07
трудно	(it is) difficult	Трудно её найти|It is difficult to find her
язык	language; tongue	на русском языке|in Russian
приходить/прийти	to arrive (on foot)	Приходите к нам|Come and see us; Я пришёл первым|I arrived first
русский	Russian; a Russian	русская песня|Russian song
недавно	recently	Он был здесь недавно|He was here recently	deck#3	due@2020-09-18 22:38:50
советский	Soviet (adj)	Советский Союз|Soviet Union
некоторый	some, a certain	до некоторой степени|to a certain extent
продолжать/продолжить	to continue	Продолжайте!|Go on!	deck#3	due@2020-09-18 22:32:55
член	member	член клуба|club member
поэтому	consequently	Я занят, поэтому не приду|I’m busy so I won’t come
замечать/заметить (+a)	to notice	Никто не заметит|No one will notice
квартира	flat, apartment	В квартире три комнаты|The flat has three rooms
уметь/с- (+inf)	to know how to; be able to, manage to	Его отец умеет говорить на пяти языках|His father can speak five languages. p: сумею, сумеешь
свет	light; world	солнечный свет; вокруг света|sunlight; round the world	deck#4	due@2020-10-12 08:59:27
назад	back, ago	смотреть назад; два года (тому) назад|to look back; two years ago	deck#4	due@2020-10-12 08:35:44
школьник	schoolboy	три школьника|three schoolboys
домой	home, homewards	Мы идём домой|We are going home	deck#4	due@2020-10-12 08:50:08
право	right; law	иметь право; изучать право|to have the right; to study law
сильный	strong, powerful	сильные руки|strong hands
средний	middle; average	мужчина средних лет|a middle-aged man	due@2020-09-11 22:40:29
дальше	further	Читайте дальше!|Read on!	deck#4	due@2020-10-12 08:35:39
задача	task, problem	трудная задача|difficult task
бежать/по-	to run	я бегу, ты бежишь, они бегут|I run, you run, they run
ветер	wind	сильные ветры|strong winds
помогать/помочь (+d)	to help (s.o.)	Он будет помогать нам|He will be helping us; Я тебе помогу; Ты поможешь мне|I shall help you; You will help me
словно	as if	словно он уже был там|as if he had already been there
дорогой	dear, expensive	дорогие книги|expensive books	deck#2	due@2020-09-12 22:37:06
история	history; story	история России|history of Russia	deck#5	due@2020-12-10 22:32:20
молчать/за-	to be silent; p: to fall silent	я молчу, ты молчишь|I say nothing, you say nothing; p: замолчу, замолчишь
солнце	sun	сидеть на солнце|nothing to sit in the sun
дома	at home	Павел дома?|Is Pavel at home?
море	sea	открытое море; моря|the open sea; seas
огромный	enormous	У него огромная квартира|He has an enormous flat
ученик	pupil	ученики школы No. 5|the pupils of school no. 5
чувство	feeling	чувство юмора|sense of humour	deck#3	due@2020-09-18 22:40:11
петь/с- (+a)	to sing	я пою, ты поёшь|I sing, you sing; p спою, споёшь
борьба	struggle	борьба за власть|struggle for power
речь (f)	speech	выступить с речью|to make a speech; русская речь|Russian speech (=spoken Russian)
ехать/по-	to go (by transport)	Я еду на машине, а ты едешь на автобусе|I’m going by car, and you’re going by bus; я поеду, ты поедешь|I’ll go, you’ll go	deck#4	due@2020-10-12 08:38:13
хлеб	bread	много хлеба|a lot of bread
движение	movement, motion	уличное движение|son to the park traffic
праздник	holiday, festival	праздник Первого мая|May Day holiday
внимание	attention	обращать внимание на +а|to pay attention to/note
считать/счесть	(+a +inst) consider (sth/s.o. to be sth)	Я считаю это нужным|I consider this necessary /p сочту, сочтёшь, past счёл, сочла
считать/со-	to count	считать до десяти|to count to ten
иногда	sometimes	Он иногда помогает мне|He sometimes helps me
кричать/за-	to shout	я кричу, ты кричишь|I shout, you shout; p: закричу, закричишь
фабрика	factory	Он работает на новой фабрике|He works at the new factory	deck#3	due@2020-09-18 22:38:47
успевать/успеть (+inf)	to have time, to be in time	Вы успеете это сделать?|Will you have time to do this?
действительно	really, actually	Это действительно так|It really is so
именно	namely, exactly	Где именно?|Where exactly?
общий	general (adj)	общее собрание; в общем|general meeting; in general
всякий	any	во всяком случае|in any case
директор	director	директор завода; директора|factory manager; managers
красивый	beautiful	красивая девушка|beautiful girl
номер	number; hotel room	номера|numbers
около (+g)	near; about	около дома; около тысячи рублей|near the house; about 1,000 roubles
парень (m)	lad, boy	Все парни считают её красивой|All the boys think her beautiful
хозяйство	economy	народное хозяйство|national economy
вокруг (+g)	around	вокруг света|around the world
душа	soul	русская душа; от всей Души|Russian soul; with all one’s heart
четвёртый	fourth	в четвёртом номере журнала|in the fourth number of the journal
шесть	six	шесть учеников|six pupils
поднимать/поднять (+a)	to raise, lift	Я подниму руку; Ты поднимешь этот вопрос?|I shall raise my hand; Will you raise this question?
взгляд	look, view	с первого взгляда|at first sight
инженер	engineer	шесть инженеров|six engineers	deck#4	due@2020-10-11 22:34:07
также	as well	Иван, а также Борис|Ivan and also Boris
тяжёлый	heavy	тяжёлая промышленность|heavy industry
цветок (pl цветы)	flower	два цветка; красивые цветы|two flowers; nice flowers
брать/взять (+a)	to take	i Я беру книгу, а ты берёшь газету|I take a book, and you take a paper; p Я возьму такси; Ты возьмёшь эту книгу?|I shall take a taxi; Will you take this book?
видно	evident, visible	Конца ещё не видно|The end is not yet in sight	deck#2	due@2020-09-13 08:46:01
воздух	air	в воздухе|in the air
давно	(since) long ago	Мы давно здесь|We have been here a long time
забывать/забыть (+a or o +pr)	to forget	p Я забуду его, ты тоже забудешь о нём|I’ll forget him, you’ll forget about him too	deck#3	due@2020-09-19 09:01:14
из-за (+g)	from behind; because of	из-за дождя|because of the rain
опыт	experience; experiment	По опыту знаю|I know by experience
звать/по- (+a)	to call (s.o.); summon	Как вас зовут? Он зовёт на помощь|What is your name? He is calling for help; p позову, позовёшь
стройка	building; building site	работать на стройке|to work on a building site
жена	wife	жёны|wives
молоко	milk	бутылка молока|bottle of milk
ставить/по- (+a)	to place, put (in a standing position)	i: ставлю, ставишь; Я поставлю машину здесь; Он поставит бутылку на стол|I will park my car here; He will put the bottle on the table	due@2020-09-12 08:50:43
однако	however	Однако, он забыл|However, he forgot
угол	corner	Он стоит на углу|He is standing at the corner
бумага	paper	писать на красной бумаге|to write on red paper
принимать/принять (+a)	to take, accept, receive	Президент примет его завтра; Я приму меры|The president will see him tomorrow; I shall take measures
длинный	long	длинная улица|long street
занятие	occupation; (pl) classes	занятия в университете|university studies
чистый	clean, pure	чистые руки|clean hands
садиться/сесть	to sit down; get into (transport)	я сажусь, ты садишься|I sit down, you sit down; я сяду, ты сядешь; Сядем на автобус|I’ll sit down, you’ll sit down; Let’s take a bus
часто	often	Я бываю здесь часто|I come here often	deck#5	due@2020-12-11 08:40:49
шестой	sixth	шестая квартира|flat no. 6
военный	military, war (adj); soldier	военное время; военные|wartime; soldiers
вставать/встать	to get up, stand up	i: встаю, встаёшь; p: Я встану в восемь часов; Ты встанешь в семь|I shall get up at eight; You’ll get up at seven	deck#2	due@2020-09-13 08:58:33
игра	game	олимпийские игры|Olympic Games
кружок	circle, club	член литературного кружка|member of a literary group
хозяин (pl хозяева)	master, boss, owner	хозяева своей страны|masters of one’s own country
никакой	(absolutely) no	Нет никакого сомнения; Он ни к какому выводу не пришёл|There is no doubt at all; He came to no conclusion
дядя (m)	uncle	дядя Ваня|Uncle Vanya	deck#3	due@2020-09-19 08:53:22
живой	alive, lively	живой ум|lively mind
деревня	village; countryside	много деревень; жить в деревне|many villages; to live in the countryside	deck#2	due@2020-09-13 08:41:24
образ	manner, way, shape, image	образ жизни; таким образом; образ правления|way of life; thus; form of government	due@2020-09-12 08:49:49
порядок	order	Всё в порядке|Everything is alright
строитель (m)	construction worker, builder	стать строителем|to become a construction worker	deck#3	due@2020-09-18 22:34:28
успех	success	иметь успех; успехи|to be successful; progress/success
приносить/принести (+a)	to bring	i: приношу, приносишь; Я принесу хлеб; Он принёс книгу|I shall bring the bread; He brought the book	deck#2	due@2020-09-13 09:01:43
слишком	too, too much	слишком долго|too long	deck#5	due@2020-12-10 22:34:24
добрый	good, kind	Доброе утро!|Good morning!
прежде	before	прежде всего|first of all
рассказ	story	рассказы Чехова|Chekhov’s short stories
семья	family	десять семей|ten families	deck#5	due@2020-12-10 22:38:01
утро	morning	в восемь часов утра|at eight o’clock in the morning	deck#4	due@2020-10-11 22:32:02
лагерь (m)	camp	концентрационные лагеря|concentration camps	deck#2	due@2020-09-13 08:40:35
знакомый	familiar; an acquaintance	Я не знаком с ним; мои знакомые|I don’t know him; my acquaintances	deck#3	due@2020-09-19 09:01:53
армия	army	Британская армия|the British Army
нос	nose	нос к носу; Зима на носу|face to face (nose to nose); Winter is coming (is on the nose)
пожалуйста	please, please do; don’t mention it	Садитесь, пожалуйста|Please sit down
собираться/собраться (+inf)	to gather; intend to; be about to	Он собирается уехать|He is about to leave
сначала	at first; from the beginning	начать сначала|to begin from the beginning	deck#3	due@2020-09-19 09:00:13
техника	technology	западная техника|Western technology	deck#5	due@2020-12-11 08:50:11
деньги (f) (pl)	money	много денег|a lot of money
доклад	report	сделать доклад|to make a report	due@2020-09-12 09:02:01
оба (f обе)	both	оба доклада; обеими руками|both reports; with both hands
седьмой	seventh	седьмое нёбо|seventh heaven
поздно	late	Он пришёл очень поздно|Не came very late
попадать/попасть (в/на +a)	to hit; to get to	i попадать в цель to hit the target; Он не попадёт в цель; Как мне попасть на Красную площадь?|He won’t hit the target; How do I get to Red Square?
встреча	meeting	встреча со студентами|a meeting with the students
возможность (f)	possibility	возможность поехать в Россию|a chance to go to Russia
культура	culture	министерство культуры|ministry of culture
следовать/по-	to follow (+d); to be required	i Я следую за ней; Вам следует помочь им|I am following her; You ought to help them; p последую, последуешь	deck#2	due@2020-09-12 22:34:56
команда	team, crew; command	футбольная команда|football team
ну	well	Ну вот ...; Ну хорошо|Well, then ...; All right then
очередь (f)	queue, turn	стоять в очереди|stand in a queue/wait in line
личный	personal	личный опыт|personal experience	due@2020-09-11 22:39:27
школа	school	средняя школа|secondary school
расти/вы-	to grow	Он рос быстро; Он растёт|He grew quickly; He is growing
колхоз	collective farm	в колхозе|on a collective farm
причина	reason (+g for), cause	по этой причине; причина войны|for that reason; reason for/cause of war	deck#2	due@2020-09-12 22:35:52
ребята	children, boys (coll)	Ребята играют во дворе|The children play in the courtyard
девочка	little girl	Девочке пять лет|The little girl is five years old
многий	many	Многие так думают|Many (people) think so
организация	organization	новые организации|new organizations
мама	mother; mummy	молодые мамы|young mothers
станция	station	Поезд остановился на станции|The train stopped at the station	deck#3	due@2020-09-18 22:34:19
туда	there (thither)	Я пойду туда завтра|I shall go there tomorrow
уж/уже	already; really	не так уж много|not so very many
совершенно	completely, perfectly	Совершенно правильно|Absolutely right	due@2020-09-11 22:33:24
спокойно	calmly, quietly	Он спокойно взял все доллары|He calmly took all the dollars
хотеться/за- (+d)	to want, feel like; p: to start to want	Мне хотелось бы поговорить с ней|I should like to talk to her; p захочется
всё-таки	all the same, for all that	Всё-таки он не прав|Nevertheless he is wrong	due@2020-09-12 08:42:47
чем	than	Я знаю больше, чем вы|I know more than you do	deck#4	due@2020-10-11 22:36:28
будто	as though, allegedly	Говорят, будто он ушёл|They claim he has left
мнение	opinion	по моему мнению|in my opinion
впервые	for the first time	Я здесь впервые|I haven’t been here before
любой	any (any you like)	Можно взять любую книгу|You may take any book
медленно	slowly	Говорите медленно, пожалуйста|Please speak slowly
друг друга	each other	помогать друг другу|to help each other
приходиться/прийтись (+d)	to have to	Ей приходится молчать; Нам приходилось помогать им|She has to keep quiet; We had to help them; Нам пришлось уйти; Вам придётся идти к начальнику|We had to leave; You’ll have to go to the boss
начало	beginning	в начале года|at the beginning of the year
похожий	resembling, similar	Они похожи друг на друга|They are alike
зал	hall	читальный зал|reading room
держать (i)	to hold, keep	Вы держите молоко в холодном месте?|Do you keep the milk in a cold place?
предприятие	enterprise, factory	мелкое предприятие|a small business
спортивный	sporting	спортивный зал|gymnasium/sports hall	deck#4	due@2020-10-12 08:39:17
весёлый	cheerful, merry	весёлое настроение|cheerful mood
здравствовать (i)	to be healthy, prosper	Да здравствуют мир и дружба!|Long live peace and friendship!	deck#2	due@2020-09-12 22:31:45
Здравствуй(те)	Hello/How are you?	Здравствуй, Наташа|Hello, Natasha
вперёд	forward; in advance	шаг вперёд|a step forward
зелёный	green	зелёная книга|a green book
нёбо	sky, heaven	небеса|the heavens	deck#2	due@2020-09-12 22:35:30
встречать/встретить (+a)	to meet	Я встречу вас на вокзале; Ты встретишь Новый год с нами?|I shall meet you at the station; Will you see the New Year in with us?
отношение (к +d)	attitude, relation (to); (pl) relations	его отношение к вам; англо-русские отношения|his attitude to you; Anglo-Russian relations
бабушка	grandmother	много бабушек|many grandmothers
детский	children’s	детский сад|kindergarten
останавливаться/остановиться	to stop	p: Я остановлюсь перед домом; Он не остановится|I shall stop in front of the house; He will not stop
ответ	answer	ответ на вопрос|answer to a question
восемь	eight	в восьми школах|in eight schools	deck#5	due@2020-12-11 08:40:46
доска	board	писать на доске|to write on the board
появляться/появиться	to appear	Скоро появится его жена|His wife will soon appear
неделя	week	восемь недель|eight weeks
завод	factory	Он работает на заводе |Не works in a factory	deck#4	due@2020-10-12 08:54:19
форма	form	форма правления|form of government
являться (i) (+inst)	to be (sth) (formal)	Он является директором|He is the director
вещь (f)	thing	Все его вещи в этом чемодане|All his things are in this suitcase
герой	hero	герой войны|war hero	deck#4	due@2020-10-12 08:41:57
кроме (+g)	except, besides	кроме меня; кроме того|except me; moreover/in addition
подниматься/подняться	to rise, climb	Я поднимусь на третий этаж; Они поднимутся на гору|I shall climb to the 3rd floor; They will climb the hill
съезд	congress	дворец съездов|palace of congresses	due@2020-09-12 08:48:24
точно	exactly; punctually	точно в час|at one o’clock precisely
ход	movement	на полном ходу; ход событий|at full speed; course of events	due@2020-09-11 22:32:05
равно	equal, alike (adv)	Всё равно; Не всё ли равно?|It’s all the same; What difference does it make?
шаг	step	сделать шаг вперёд|to take a step forward	due@2020-09-12 08:59:03
клуб	club	клуб художников|artist’s club
крупный	large, important	крупные промышленные центры|large industrial centres
вспоминать/вспомнить (+a or о +pr)	to remember, recall	Ты вспомнишь о ней?|Will you remember her?
небольшой	small	Суздаль - город небольшой|Suzdal' is not a large town
художественный	artistic	художественная литература|belles-lettres, fiction (artistic literature)
кто-то	someone	Кто-то вошёл|Someone came in
нравиться/по- (+d)	to please (s. o.)	Она нам нравится|We like her; p: понравлюсь, понравишься	deck#4	due@2020-10-11 22:38:05
школьный	school (adj)	школьные годы|school years
государство	state	глава государства|head of state
американский	American	американская армия|American army
строить/по- (+a)	to build	Мы строим новую жизнь|We are building a new life
восьмой	eighth	на восьмом съезде партии|at the eighth party congress	deck#2	due@2020-09-13 08:43:32
немного (+g)	a little, not much	Денег осталось совсем немного|There is very little money left
пауза	pause	сделать паузу|to pause
показывать/показать (+a +d)	to show (sth to s.o.)	Она показывала ему свою квартиру|She was showing him her flat; Я покажу тебе дорогу|I shall show you the way
далеко	far	Иван живёт далеко от нас|Ivan lives far from us
затем	after that, then	Они выпили и затем продолжали разговор|They had a drink and then continued their talk
здание	building	новые здания|new buildings
однажды	once, one day	однажды вечером|one evening	due@2020-09-12 08:49:04
птица	bird	Птицы летят на юг|The birds are flying south.
самолёт	aeroplane	на самолёте|by plane
семь	seven	семь новых зданий; с семью друзьями|seven new buildings; with seven friends
шофёр	driver	шофёр такси|taxi driver	deck#5	due@2020-12-10 22:38:32
двести	two hundred	больше двухсот|more than two hundred
известный	well-known	известные учёные|well-known scholars
правильно	correctly	Он ответил правильно|He answered correctly	deck#4	due@2020-10-11 22:35:11
решение	decision; solution	принять решение|to take a decision
вечером	in the evening	Он приедет вечером|He will come in the evening
готовый	ready	Вы готовы?|Are you ready?
стараться/по- (+inf)	to try	Она старалась открыть дверь|She was trying to open the door
например	for example	Есть хорошие книги, «Война и мир», например|There are good books, “War and Peace”, for example	deck#3	due@2020-09-19 08:56:14
простой	simple	простые люди|ordinary people
произведение	a work	произведения Толстого|Tolstoi’s works
учить/вы- (+a)	to learn (sth)	Я учу новые русские слова|I am learning new Russian words
учить/на- (+а +d)	to teach (s.o. sth)	Он учит её русскому языку|He is teaching her Russian; p научу, научишь
иной	other	иными словами; тот или иной|in other words; one or other
результат	result	результаты нашей работы|results of our work
доктор	doctor	доктора|doctors
случаться/случиться	to happen	Он спросил, что случилось|He asked what happened
называть/назвать (+a +inst)	to call, name (s.o. sth)	Никто не называл её красивой|No-one called her beautiful p назову, назовёшь
важный	important	важные люди|important people
знание	knowledge	знания русского языка|knowledge of Russian
улыбаться/улыбнуться (+d)	to smile (at)	Она не улыбнётся|She will not smile
плохо	badly	Он плохо знает английский язык|He doesn’t know English well
учиться/на- (+inf)	to learn (to do sth)	Он научился говорить по-русски|He learned to speak Russian
открывать/открыть (+a)	to open; to discover	p Я открою дверь; Ты откроешь окно|I shall open the door; You will open the window	deck#4	due@2020-10-11 22:40:22
оставаться/остаться	to stay	i: Она остаётся на ночь; Оставалось пять минут|She is staying the night; There were five minutes left; p: Я останусь здесь|I shall stay here
наука	science; scholarship	общественные науки|social sciences
камень (m)	stone	из камня; много камней|made of stone; many stones
против (+g)	against; opposite	против войны; против школы|against war; opposite the school
развитие	development	общественное развитие|social development
бог	God	Боже мой!|My goodness!
общество	society	развитие общества|development of society
ничего	nothing; all right, not too bad; never mind	-Как дела? -Ничего; -Простите -Ничего|- How are things? - All right; - I’m sorry - It doesn’t matter
условие	condition	хорошие условия|good conditions
господин (pl господа)	gentleman; Mr	Дамы и господа! Это господин Смит|Ladies and Gentlemen! This is Mr Smith
солдат	soldier	много солдат|many soldiers
революция	revolution	Октябрьская революция|the October Revolution
начинаться/начаться	to begin	Занятия начинаются на следующей неделе|Classes begin next week; Собрание скоро начнётся|The meeting will soon begin
область (f)	oblast, province; area, field (of activity)	g pl областей	deck#2	due@2020-09-13 08:56:35
что-то	something; (coll) somewhat, somehow	g чего-то	deck#5	due@2020-12-10 22:38:00
власть (f)	power	g pl властей; власти authorities
судьба	fate	nom pl судьбы, g pl судеб
действие	act, action	deck#2	due@2020-09-13 09:01:06
мера	measure	принять меры to take measures
энергия	energy
ряд	row, line, series	nom pl ряды; pr в ряду: row, line; pr в ряде: series
находиться/найтись	to be situated; to be found, turn up	i нахожусь, находишься; p: найдусь, найдёшься; past нашёлся, нашлась
положение	position	due@2020-09-11 22:39:49
глядеть/по- (на +a)	to look (at)	i: гляжу, глядишь; p: погляжу, поглядишь
век	century; age, era	nom pl века; в прошлом веке last century
миллион	million
общественный	social, public	общественное мнение public opinion
основной	basic, fundamental
генерал	general (noun)
интерес	interest	интерес к языкам interest in languages
легко	easily; it is easy
материал	material
цель (f)	target, purpose	с целью +g with the object of
огонь (m)	fire; light	g sg огня; nom pl. огни	deck#4	due@2020-10-12 08:35:21
закон	law
природа	nature	закон природы law of nature	deck#3	due@2020-09-18 22:32:32
масса	mass	трудящиеся массы the working masses
бой	battle	pr sg бою, nom pl бой, g pl боёв	due@2020-09-11 22:39:17
политический	political	deck#4	due@2020-10-12 08:57:47
луч	ray, beam	g sg луча, nom pl лучи, g pl лучей
волна	wave	nom pl волны, g pl волн, d pl волнам
процесс	process; trial, lawsuit
научный	scientific, scholarly	deck#3	due@2020-09-19 08:43:00
различный	different, various	due@2020-09-12 08:42:08
мировой	world (adj)
система	system
лист	leaf (of plant); sheet (of paper)	(nom pl листья, g pl листьев) leaf (of plant); (nom pl листы, g pl листов) sheet (of paper); g sg листа
хоть	even if, if only, even, although	Заходи хоть на минуту Drop in if only for a moment
ребёнок	child	g sg ребёнка; nom pl дети, g pl детей
связь (f)	connection, link, communication	отделение связи post office; в связи с +inst in connection with; торговые связи trade links
вообще	in general
верить/по-	to believe (+d) s.o. or sth, (в +a ) in s.o. or sth	i: верю, веришь	deck#3	due@2020-09-19 08:53:18
мужчина (m)	man	двое мужчин two men	deck#5	due@2020-12-11 08:58:28
что-нибудь	anything	g чего-нибудь	deck#4	due@2020-10-11 22:36:20
представлять/представить (+a)	to present, introduce	p: представлю, представишь; представить себе to imagine
искать/по- (+a or +g)	to search for, to look for	i: ищу, ищешь
писатель (m)	writer
промышленность (f)	industry
учёный (m) (adj)	learned, scholarly; (as noun) scholar, scientist
верно	faithfully, truly; it is true
служить/по-	to serve	i служу, служишь/p послужу, послужишь; послужить примером to serve as an example
правительство	government
экономический	economic	deck#5	due@2020-12-11 08:43:15
есть/съ- (+a)	to eat	i: ем, ешь, ест, едим, едите, едят, past ел, ела; p съем, съешь, съест, съедим, съедите, съедят, past съел, съела
рабочий (m) (adj)	(blue collar) worker; working	жизнь рабочего life of a worker; рабочий класс working class
современный	modern, contemporary	deck#2	due@2020-09-13 08:43:39
работник	worker, s.o. who works	партийные работники party workers	deck#2	due@2020-09-13 08:47:49
чёрт	devil	g sg чёрта, nom pl черти, g pl чертей
качество	quality	due@2020-09-11 22:40:15
международный	international
офицер	officer
проблема	problem	deck#5	due@2020-12-11 08:41:52
требовать/по- (+g)	to demand	i: требую, требуешь; p потребую
коммунизм	communism
корабль (m)	ship	g sg корабля	deck#4	due@2020-10-12 08:42:21
класс	class; classroom	рабочий класс working class	deck#5	due@2020-12-11 08:48:58
километр	kilometre
число	number; date	nom pl числа, g pl чисел
база	base; depot	на базе +g on the basis of
палец	finger; toe	g sg пальца
количество	quantity
коммунист	communist
победа	victory
река	river	a sg реку, g sg реки, nom pl реки, d pl рекам	deck#3	due@2020-09-19 08:57:04
пить/вы- (+a or +g)	to drink, have an alcoholic drink	выпивать i/пить i; i: пью, пьёшь, past пил, пила, пило; p: выпью, выпьешь	deck#4	due@2020-10-11 22:39:25
человеческий	human (adj)	deck#2	due@2020-09-12 22:34:15
гора	mountain, hill	a sg гору, g sg горы, nom pl горы, g pl гор, d pl горам; в гору uphill
милый	nice, dear
политика (no pl)	politics; policy, policies
производство	production	производство машин car production	due@2020-09-12 08:59:42
национальный	national; ethnic	национальное меньшинство ethnic minority
холодный	cold	deck#5	due@2020-12-11 08:40:51
государственный	state (adj)
откуда	from where	Откуда он знает? How does he know?
сложный	complicated, complex
богатый	rich
бросать/бросить (+a)	to throw; abandon, give up	p: брошу, бросишь
строительство	construction
значение	meaning, importance
председатель (m)	chairman	deck#2	due@2020-09-13 08:58:01
характер	character	deck#5	due@2020-12-11 08:40:52
необходимый	essential
смеяться/за-/рас- (над +inst)	to laugh (at)	i: смеюсь, смеёшься
бороться (i) (с +inst)	to struggle (against)	i: борюсь, борешься; за +a for
изделие	(manufactured) article
особый	special
смерть (f)	death	nom pl смерти, g pl смертей
статья	article (newspaper, journal)	g pl статей
счёт	bill, account; count, score	nom pl счета; счёты abacus
весьма	very, extremely	due@2020-09-11 22:33:29
сельский	rural, country	сельское хозяйство agriculture
средство	means; (pl) resources	транспортные средства means of transport
подобный	similar	due@2020-09-12 08:54:34
пример	example
революционный	revolutionary
скорость (f)	speed	nom pl скорости, g pl скоростей
факт	fact
малый	small
чай	tea	nom pl чай, g pl чаёв
тёмный	dark
явление	phenomenon
состоять (i) (из +g)	to consist (of)	состоит
ясно	clearly; it is clear
точка	dot, point; full stop	g pl точек; точка зрения point of view
стоить (i)	to cost, to be worth	стоит; Сколько это стоит? How much is this?	due@2020-09-12 09:01:57
ум	mind, intellect	g sg ума	deck#2	due@2020-09-13 08:58:05
вполне	fully, entirely
событие	event
существовать (i)	to exist	существую, существуешь	deck#4	due@2020-10-12 08:40:44
кабинет	study, office
спасибо	thank you
враг	enemy	g sg врага
глубокий	deep
французский	French (adj)	deck#5	due@2020-12-10 22:34:22
близкий	close, near
ах	ah!, oh!
деятельность (f)	activity	no pl	due@2020-09-11 22:37:32
приводить/привести (+a)	to bring (s.o.); (к +d) lead to	i: привожу, приводишь; p: приведу, приведёшь, past привёл, привела
трубка	tube, pipe; telephone receiver	g pl трубок
английский	English; British (adj)	deck#5	due@2020-12-11 08:42:54
сей	this (=этот) (bookish; used in set phrases)	f сня, n сие, nom pl сии; сего месяца of this month; до сих пор up till now	due@2020-09-12 08:36:47
температура	temperature
состояние	state, condition; fortune
счастье	happiness, luck
смысл	sense, meaning
рубль (m)	rouble	g sg рубля
вчера	yesterday
правый	right; right-wing	прав -а -о -ы (short forms) Она права She’s right
автор	author
большинство	majority
известно	it is (well) known
мелкий	small, petty, fine
течение	flow, current; course	в течение +g during, in the course of
оружие	arms, weapons	no pl
муж	husband	nom pl мужья, g pl мужей, d pl мужьям
происходить/произойти	to happen; to originate	i: происхожу, происходишь; p: произойдёт, past произошло
свободный	free
идея	idea	deck#4	due@2020-10-12 08:56:57
усилие	effort	приложить все усилия to make every effort
линия	line	due@2020-09-11 22:33:41
искусство	art
состав	composition, make-up
капитализм	capitalism
литература	literature
страница	page
бить/по- (+a)	to beat, hit	i: бью, бьёшь, p: бить/побить; побью, побьёшь	deck#2	due@2020-09-13 09:01:30
иначе	otherwise
читатель (m)	reader	deck#4	due@2020-10-12 08:41:59
наиболее	(the) most
рост	growth, increase; height
американец	American (noun)	g sg американца
корень (m)	root	g sg корня, nom pl корни, g pl корней
немец	German (noun)	g sg немца	deck#4	due@2020-10-11 22:40:07
небо	serious	deck#2	due@2020-09-13 08:45:52
свойство	characteristic, property
взглядывать/взглянуть (на +a)	to look, glance (at)	p: взгляну, взглянешь	deck#2	due@2020-09-13 08:39:15
высоко	high (up); highly; it is high
население	population	due@2020-09-12 08:55:33
стекло	glass (material)	nom pl стёкла, g pl стёкол, d pl стёклам; двойные стёкла double glazing	deck#2	due@2020-09-12 22:37:57
театр	theatre
надежда	hope
довольно	fairly, rather; contentedly; (+g) enough	deck#3	due@2020-09-18 22:38:55
край	edge; region, area	pr sg в краю, nom pl края, g pl краёв	deck#2	due@2020-09-12 22:40:18
мужик	(Russian) peasant	g sg мужика
степь (f)	steppe	pr sg о степи, в степи; nom pl степи, g pl степей
цвет	colour; blossom; prime	nom pl цвета; в цвету in blossom
дед	grandfather
основа	base, foundation
рано	early; it is early
технический	technical; engineering
счастливый	happy, lucky	short forms счастлив, счастлива	deck#2	due@2020-09-13 08:40:25
круг	circle	pr sg в кругу, nom pl круги
момент	moment; feature (of a situation)	важные моменты ситуации important features of the situation
необходимо	it is essential; it is necessary
строй	system, structure; military formation	pr sg в строю
дочь (f)	daughter	g, d, pr sg дочери, inst sg дочерью, nom pl дочери, g pl дочерей, d pl дочерям, inst pl дочерьми, pr pl дочерях
использовать (i/p) (+a)	to make use of	использую	deck#4	due@2020-10-11 22:38:34
министр	minister (government)	deck#5	due@2020-12-10 22:33:05
синий	dark blue
передавать/передать (+a)	to pass, hand over; transmit, convey	i: передаю, передаёшь; p: передам -дашь -даст -дадим -дадите -дадут, f past передала
программа	programme	deck#5	due@2020-12-11 08:42:55
десяток	ten; a decade	g sg десятка	due@2020-09-11 22:39:38
кровь (f)	blood	pr sg о крови, в крови; g pl кровей
отдавать/отдать (+a)	to give back; to give away; to return	i: отдаю, отдаёшь; p: отдам, отдашь, отдаст, отдадим, отдадите, отдадут; f past отдала	due@2020-09-11 22:32:13
отдельный	separate, individual	due@2020-09-12 08:56:32
свобода	freedom
хватать/хватить (+g)	(3rd pers +g) to be enough, suffice	i: Времени не хватает There isn’t enough time; p: хватит; Времени хватит There will be enough time
внутренний	inner, interior, internal
выступать/выступить	to appear in public; protrude; to speak (publicly)	выступать с речью to make a speech; p: выступлю, выступишь
как-то	somehow; (coll) once, at one time
занимать/занять (+a)	to occupy	p: займу, займёшь, past занял, заняла, заняло
представитель (m)	representative
фронт	front (war)	nom pl фронты, g pl фронтов
богатство	wealth, riches	deck#2	due@2020-09-12 22:39:58
желать/по- (+g)	to want, wish (for)
какой-нибудь	any; any kind of
глубина	depth	nom pl глубины
мимо (+g)	past	пройти мимо дома to walk past the house
управление	management; administration; control
слава	glory, fame
сотня	a hundred	g pl сотен	due@2020-09-11 22:31:10
страшный	terrible, dreadful
тем	(by) so much	inst of тот; тем лучше so much the better
весна	spring (season)	nom pl вёсны, g pl вёсен, d pl вёснам
действовать/по-	to act, function, affect	i: действую, действуешь
пол	floor; sex	(pr sg на полу, nom pl полы) floor; (nom pl полы, g pl полов) sex
процент	percent, percentage	пять процентов 5 per cent; проценты interest	deck#5	due@2020-12-10 22:31:37
родина	homeland, native land	на родине in one’s homeland
сцена	stage (theatre); scene
значительный	significant
метр	metre (measurement)
чужой	someone else’s; foreign
воля	will; freedom, liberty	due@2020-09-12 09:01:46
зуб	tooth	nom pl зубы, g pl зубов
менее	less	тем не менее none the less
метод	method	deck#5	due@2020-12-10 22:39:52
прощать/простить (+a)	to forgive (s.o. or sth), pardon	p: прощу, простишь; Простате! Excuse mе
связывать/связать (+a)	to tie; to connect, bind	i вязать or связывать; p свяжу, свяжешь	deck#2	due@2020-09-13 08:37:35
яркий	bright
песок	sand	g sg песка
уровень (m)	level; standard	g sg уровня
исторический	historical; historic
источник	source
половина	half	deck#3	due@2020-09-18 22:32:51
служба	service	due@2020-09-12 08:57:54
ладно	harmoniously; all right (unenthusiastic agreement)	Ладно, пусть будет по-твоему All right, have it your own way
мешать/по- (+d)	to disturb, hinder, prevent; (+a) stir	due@2020-09-11 22:39:14
село	village	nom pl сёла; на селе in the country
впрочем	however, but; or rather
горячий	hot
образование	education; formation
тонна	ton (1,000 kilogrammes)
вызывать/вызвать (+a)	to summon; cause	p: вызову, вызовешь	due@2020-09-12 08:52:19
зрение	eyesight, vision	due@2020-09-11 22:35:04
морской	sea, marine; naval	deck#2	due@2020-09-13 08:48:14
остальной	the rest (of)	Где остальные? Where are the others?	due@2020-09-12 09:01:49
семя (n)	seed	g sg семени, nom pl семена, g pl семян, d pl семенам
сильно	strongly; very much
тонкий	thin, slender; fine, subtle	due@2020-09-12 08:56:49
флот	fleet
беседа	talk, discussion	due@2020-09-11 22:38:27
данный	given	данные data
достаточно	sufficiently; (+g) enough
единственный	only, sole	deck#2	due@2020-09-13 08:50:51
лампа	lamp
продукция	production, output	deck#3	due@2020-09-18 22:40:00
центр	centre
вовсе	at all	вовсе не not at all
западный	western
корреспондент	correspondent	deck#5	due@2020-12-10 22:40:26
пожалуй	very probably
приём	reception; method, device	часы приёма consulting hours	due@2020-09-12 09:01:33
прочий	other	и прочее (abbr и пр. or и проч.) etcetera; между прочим by the way
страшно	terribly; it is terrible
возле (+g)	by, near
вон	out, away; over there	Вон отсюда! Get out! вон там over there	due@2020-09-12 08:58:56
партийный	party (adj)	партийное руководство party leadership	deck#2	due@2020-09-12 22:33:16
телефон	telephone	deck#5	due@2020-12-11 08:56:54
удаваться/удаться (+d)	to succeed	i: удаётся; Ему всё удаётся He’s successful at everything; p: удастся, past удалось; Ей удалось найти место She managed to find a seat
быстрый	quick, fast	deck#4	due@2020-10-11 22:39:34
крестьянин	peasant	nom pl крестьяне, g pl крестьян, d pl крестьянам
выход	exit, way out
пытаться/по- (+inf)	to attempt	deck#3	due@2020-09-18 22:37:54
стих	line of poetry	g sg стиха; стихи verses, poetry
период	period	deck#4	due@2020-10-11 22:40:08
убивать/убить (+a)	to kill; to murder	p: убью, убьёшь
дружба	friendship	deck#2	due@2020-09-13 08:51:36
едва	hardly, scarcely, only just	едва (ли) не nearly, almost
неужели	really? is it possible?	Неужели он не знает? Does he really not know?	deck#2	due@2020-09-13 08:54:13
степень (f)	degree, extent	g pl степеней
боевой	fighting, battle	due@2020-09-12 08:56:45
войска (n, pl)	troops, army	sg войско
карта	map, card
направление	direction
человечество	mankind
вроде (+g)	like, such as	что-то вроде песка something like sand
громадный	enormous	due@2020-09-11 22:38:42
лёгкий	light, easy
пользоваться/вос- (+inst)	to use, make use of	i: пользуюсь, пользуешься; p воспользуюсь
предложение	offer, suggestion; sentence (grammar)
элемент	element
являться/явиться	to appear	p: явлюсь, явишься
вероятно	probably
печь/ис- (+a)	to bake	i: пеку, печёшь, пекут; past пёк, пекла
печь (f)	stove	pr sg о печи, в печи; g pl печей
казаться/по-	to seem, to appear, to show oneself	i: казаться or показываться; Кажется, всё хорошо|It seems all is fine; покажусь, покажешься
умный	intelligent
глава	head, chief; chapter	nom pl главы
плакать/за-	to cry, weep, p: to begin to cry	i: плачу, плачешь; p заплачу, заплачешь
сквозь (+a)	through
способ	way, method	due@2020-09-11 22:35:33
способный	able, capable	due@2020-09-12 08:38:48
церковь (f)	church	g sg церкви, inst sg церковью, nom pl церкви, g pl церквей, d pl церквам	deck#4	due@2020-10-11 22:39:40
часы (m, pl)	watch, clock	g pl часов
честь (f)	honour	pr sg о чести, в чести, g pl честей
открытый	open (adj)
память (f)	memory	no pl
понятно	understandably; I see! I understand!
совещание	meeting, conference	на совещании at a meeting
замечательный	remarkable, splendid
знаменитый	famous
предмет	object, article; subject, topic
слеза	tear	nom pl слёзы, g pl слёз, d pl слезам; слёзы радости tears of joy	due@2020-09-11 22:35:14
где-то	somewhere
дно	bottom (of sea, river, well, vessel)	nom pl донья, g pl доньев; на дне моря at the bottom of the sea
магазин	shop, store
вещество́	substance, matter	due@2020-09-12 08:37:47
создание	creation; creature
старуха	old woman
карман	pocket	due@2020-09-11 22:39:04
музей	museum
падать/пасть	to fall	пасть: паду, падёшь; past пал, пала/упасть: упаду, упадёшь; past упал упала	deck#3	due@2020-09-19 09:01:19
ясный	clear
поверхность (f)	surface
близко	it is near, it is not far; near, close; closely
заявлять/заявить (о +pr)	to announce	i заявляю, заявляешь; p: заявлю, заявишь
золотой	gold, golden
колено	knee	nom pl колени, g pl коленей; колен in set phrases: встать с колен to get up from one’s knees
равный	equal (adj)
следующий	following, next
снимать/снять (+a)	to take off; photograph; rent	p: сниму, снимешь, f past сняла
страх	fear
тёплый	warm	deck#4	due@2020-10-12 08:47:29
высота	height	nom pl высоты	deck#2	due@2020-09-13 09:01:25
музыка	music
остров	island	nom pl острова
относиться/отнестись (к +d)	to relate to; to regard, treat	i: отношусь, относишься; p отнесусь, отнесёшься, past отнёсся, отнеслась
переставать/перестать (+inf)	to cease, stop	i перестаю, перестаёшь; p перестану, перестанешь
столь	so	столь важно so important	due@2020-09-12 08:35:35
мирный	peace, peaceful	мирный договор peace treaty	deck#3	due@2020-09-18 22:35:24
трудный	difficult
долгий	long (in time)
железный	iron (adj)
прямой	straight, direct
социальный	social	социальное положение social status
волос	(a) hair	nom pl волосы, g pl волос, d pl волосам
воспитание	upbringing	due@2020-09-12 08:48:54
дитя (n)	child	g, d, pr sg дитяти; inst дитятею; nom pl дети, g pl детей, d pl детям, inst pl детьми, pr pl детях
покупать/купить (+a)	to buy	p: куплю, купишь	deck#4	due@2020-10-11 22:38:20
луна	moon	nom pl луны
пускать/пустить (+a)	to allow; let in; let go	p: пущу, пустишь
вместо (+g)	instead of	deck#2	due@2020-09-13 08:44:59
несмотря (на +a)	in spite of
кулак	fist; kulak (rich peasant)	g sg кулака
кухня	kitchen	g pl кухонь	deck#4	due@2020-10-11 22:40:20
любовь (f)	love	g sg любви; inst sg любовью, d sg/pr sg любви
рисунок	drawing	g sg рисунка
слой	layer, stratum	nom pl слой, g pl слоев
тема	subject, topic, theme	deck#4	due@2020-10-11 22:38:28
цена	price	a sg цену, nom pl цены, g pl цен, d pl ценам	deck#4	due@2020-10-11 22:32:29
конь (m)	horse	g sg коня, nom pl кони, g pl коней	due@2020-09-11 22:39:31
материальный	material (adj)
теория	theory
баба	peasant woman; (coll) old woman, woman
терять/по- (+a)	to lose	i: теряю, теряешь; p: потеряю, потеряешь
прекрасный	beautiful, fine
род	family, kin; birth, origin; sort, kind; gender	pr sg в роду; nom pl роды; роды childbirth	deck#2	due@2020-09-12 22:31:56
голубой	light blue
господь (m)	God, the Lord	g sg господа; Господи! Oh Lord! Good Heavens!
губа	lip	nom pl губы, g pl губ, d pl губам
посылать/послать (+a)	to send	p: пошлю, пошлёшь
руководитель (m)	leader, manager; instructor, supervisor
специальный	special
тётя	aunt	g pl тётей
центральный	central
всего	in all, altogether; only
вывод	conclusion, deduction	сделать вывод to draw a conclusion
выполнять/выполнить (+a)	to carry out, fulfil	i: выполняю, выполняешь
зерно	grain, seed	nom pl зёрна, g pl зёрен, d pl зёрнам; кофе в зёрнах coffee beans
молодёжь (f)	young people
эх	eh! oh! (expressing regret, annoyance, reproach, amazement)
возможно	possibly; possible; it is possible
глубоко	deep; deeply, it is deep	deck#2	due@2020-09-13 08:57:02
добиваться/добиться (+g)	to obtain, achieve; to strive for; to get	p: добьюсь, добьёшься
местный	local	deck#3	due@2020-09-18 22:39:01
растение	plant
старик	old man	g sg старика	deck#2	due@2020-09-13 08:53:54
поход	campaign; walking tour, expedition; cruise
спина	back [noun]	a sg спину, nom pl спины	due@2020-09-11 22:36:00
судить (i/p) (о +pr)	to judge; (+a) try (s.o.)	сужу, судишь; судя по +d judging by
умирать/умереть	to die	p: умру, умрёшь, past умер, умерла, умерло
экономика	economics; economy	deck#4	due@2020-10-11 22:34:17
больной	ill; sore; (as noun) patient, invalid	deck#4	due@2020-10-11 22:36:35
дух	spirit; breath
ниже	lower, below
океан	ocean
запас	stock, supply; reserve	большой запас слов a large vocabulary
земной	earthly, terrestrial	земной шар the globe
министерство	ministry (government)
обязательно	without fail, definitely
польза	use; benefit
предлагать/предложить (+a +d)	to offer, propose (sth to s.o.)	p: предложу, предложишь
создавать/создать (+a)	to create	i: создаю, создаёшь; p: -ам -ашь -аст -адим -адите -адут	deck#3	due@2020-09-19 08:56:40
вновь	anew, again; newly	deck#4	due@2020-10-11 22:38:03
зависеть (i) (от +g)	to depend (on)	завишу, зависишь
плод	fruit	g sg плода; приносить плоды to bear fruit
радио (n) (indecl)	radio
разнообразный	various, varied
существование	existence
бывший	former	deck#3	due@2020-09-19 08:59:57
касаться/коснуться (+g)	to touch; to concern	что касается +g as for, with regard to	due@2020-09-11 22:32:37
никак	in no way; by no means
основание	foundation, basis; founding	due@2020-09-12 08:53:51
приказывать/приказать (+d)	to order, command s.o.	p: прикажу, прикажешь
родной	native; own; (as noun, in pl) relatives, relations	родной язык native language, mother tongue; ваши родные your relatives	deck#2	due@2020-09-13 09:01:10
солнечный	sun, solar; sunny
стремиться (i) (к +d)	to strive (for)	i: стремлюсь, стремишься
газ	gas
орудие	instrument; implement; (field) gun, piece of ordnance
радость (f)	joy	deck#2	due@2020-09-13 08:37:38
том	volume (book)	nom pl тома
честный	honest
исследование	investigation; research
ладонь (f)	palm (of the hand)
определённый	definite; certain	due@2020-09-12 08:41:21
позиция	position
ради (+g)	for the sake of	ради Бога for God’s sake
срок	period (of time); (last) date, deadline	due@2020-09-12 08:47:36
#METADATA:
#METADATA:
#METADATA:
#METADATA:
#METADATA:
#METADATA:
#METADATA:
#METADATA:
#--decks immediate,daily,weekly,monthly,quarterly,yearly
#--intervals 0,1440,10080,43200,129600,518400
#--listdelimiter |
#--columns russian,english,extra
#--showcolumns russian
#--showcolumns english,extra
